"","secid","date","symbol","symbol_flag","exdate","last_date","cp_flag","strike_price","best_bid","best_offer","volume","open_interest","optionid","cfadj","ss_flag","root","suffix","ticker","index_flag","issuer","div_convention","exercise_style","am_set_flag"
"545518",108105,20050915,"SPB.FT",0,20060617,20050908,"C",1600000,0,0.5,0,63,23785632,1,0,"SPB","FT","SPX",1,"CBOE S&P 500 INDEX","I","E",1
"545519",108105,20050915,"SPB.LT",0,20051217,20050809,"C",1600000,0,0.5,0,170,23956762,1,0,"SPB","LT","SPX",1,"CBOE S&P 500 INDEX","I","E",1
"545520",108105,20050915,"SPB.RT",0,20060617,20050830,"P",1600000,340.9,342.9,0,683,23785633,1,0,"SPB","RT","SPX",1,"CBOE S&P 500 INDEX","I","E",1
"545521",108105,20050915,"SPB.XT",0,20051217,20050902,"P",1600000,361.5,363.5,0,705,23956761,1,0,"SPB","XT","SPX",1,"CBOE S&P 500 INDEX","I","E",1
"545522",108105,20050915,"SPL.FA",0,20070616,NA,"C",700000,538.3,541.3,0,0,26643070,1,0,"SPL","FA","SPX",1,"CBOE S&P 500 INDEX","I","E",1
"545523",108105,20050915,"SPL.FJ",0,20070616,NA,"C",850000,406.1,409.1,0,0,26643074,1,0,"SPL","FJ","SPX",1,"CBOE S&P 500 INDEX","I","E",1
"545524",108105,20050915,"SPL.FK",0,20070616,NA,"C",750000,493.7,496.7,0,0,26643072,1,0,"SPL","FK","SPX",1,"CBOE S&P 500 INDEX","I","E",1
"545525",108105,20050915,"SPL.FL",0,20070616,20050830,"C",800000,449.5,452.5,0,601,26643073,1,0,"SPL","FL","SPX",1,"CBOE S&P 500 INDEX","I","E",1
"545526",108105,20050915,"SPL.FT",0,20070616,20050826,"C",900000,363.4,366.4,0,1,26643076,1,0,"SPL","FT","SPX",1,"CBOE S&P 500 INDEX","I","E",1
"545527",108105,20050915,"SPL.FW",0,20070616,20050804,"C",950000,321.7,324.7,0,2,26643077,1,0,"SPL","FW","SPX",1,"CBOE S&P 500 INDEX","I","E",1
"545528",108105,20050915,"SPL.LA",0,20061216,20050719,"C",700000,533.6,536.6,0,1452,23947991,1,0,"SPL","LA","SPX",1,"CBOE S&P 500 INDEX","I","E",1
"545529",108105,20050915,"SPL.LB",0,20061216,NA,"C",600000,627.2,630.2,0,0,27567952,1,0,"SPL","LB","SPX",1,"CBOE S&P 500 INDEX","I","E",1
"545530",108105,20050915,"SPL.LJ",0,20061216,20050624,"C",850000,395.9,398.9,0,11,23947990,1,0,"SPL","LJ","SPX",1,"CBOE S&P 500 INDEX","I","E",1
"545531",108105,20050915,"SPL.LK",0,20061216,NA,"C",750000,487.2,490.2,0,0,23947987,1,0,"SPL","LK","SPX",1,"CBOE S&P 500 INDEX","I","E",1
"545532",108105,20050915,"SPL.LL",0,20061216,20050708,"C",800000,441.3,444.3,0,1251,23947984,1,0,"SPL","LL","SPX",1,"CBOE S&P 500 INDEX","I","E",1
"545533",108105,20050915,"SPL.LS",0,20061216,20050526,"C",995000,268.9,271.9,0,150,23947993,1,0,"SPL","LS","SPX",1,"CBOE S&P 500 INDEX","I","E",1
"545534",108105,20050915,"SPL.LT",0,20061216,20050429,"C",900000,351.2,354.2,0,113,23947992,1,0,"SPL","LT","SPX",1,"CBOE S&P 500 INDEX","I","E",1
"545535",108105,20050915,"SPL.LW",0,20061216,NA,"C",950000,307.4,310.4,0,0,23947986,1,0,"SPL","LW","SPX",1,"CBOE S&P 500 INDEX","I","E",1
"545536",108105,20050915,"SPL.RA",0,20070616,20050829,"P",700000,3.6,4.6,0,5083,26643071,1,0,"SPL","RA","SPX",1,"CBOE S&P 500 INDEX","I","E",1
"545537",108105,20050915,"SPL.RJ",0,20070616,20050915,"P",850000,10.1,12.1,5,525,26643066,1,0,"SPL","RJ","SPX",1,"CBOE S&P 500 INDEX","I","E",1
"545538",108105,20050915,"SPL.RK",0,20070616,20050914,"P",750000,5.1,6.7,0,60,26643067,1,0,"SPL","RK","SPX",1,"CBOE S&P 500 INDEX","I","E",1
"545539",108105,20050915,"SPL.RL",0,20070616,20050915,"P",800000,7.4,9,500,2360,26643069,1,0,"SPL","RL","SPX",1,"CBOE S&P 500 INDEX","I","E",1
"545540",108105,20050915,"SPL.RT",0,20070616,20050915,"P",900000,13.9,15.9,500,935,26643068,1,0,"SPL","RT","SPX",1,"CBOE S&P 500 INDEX","I","E",1
"545541",108105,20050915,"SPL.RW",0,20070616,20050913,"P",950000,18.6,20.6,0,2755,26643075,1,0,"SPL","RW","SPX",1,"CBOE S&P 500 INDEX","I","E",1
"545542",108105,20050915,"SPL.XA",0,20061216,20050902,"P",700000,1.6,2.4,0,13072,23947985,1,0,"SPL","XA","SPX",1,"CBOE S&P 500 INDEX","I","E",1
"545543",108105,20050915,"SPL.XB",0,20061216,20050914,"P",600000,0.3,1.1,0,108,27567953,1,0,"SPL","XB","SPX",1,"CBOE S&P 500 INDEX","I","E",1
"545544",108105,20050915,"SPL.XJ",0,20061216,20050907,"P",850000,5.8,7.4,0,7503,23947988,1,0,"SPL","XJ","SPX",1,"CBOE S&P 500 INDEX","I","E",1
"545545",108105,20050915,"SPL.XK",0,20061216,20050915,"P",750000,2.6,3,11,30978,23947989,1,0,"SPL","XK","SPX",1,"CBOE S&P 500 INDEX","I","E",1
"545546",108105,20050915,"SPL.XL",0,20061216,20050909,"P",800000,4.4,4.6,0,19033,23947995,1,0,"SPL","XL","SPX",1,"CBOE S&P 500 INDEX","I","E",1
"545547",108105,20050915,"SPL.XS",0,20061216,20050805,"P",995000,16.2,18.2,0,2369,23947982,1,0,"SPL","XS","SPX",1,"CBOE S&P 500 INDEX","I","E",1
"545548",108105,20050915,"SPL.XT",0,20061216,20050915,"P",900000,9,9.4,8550,68944,23947983,1,0,"SPL","XT","SPX",1,"CBOE S&P 500 INDEX","I","E",1
"545549",108105,20050915,"SPL.XW",0,20061216,20050912,"P",950000,12,14,0,13172,23947994,1,0,"SPL","XW","SPX",1,"CBOE S&P 500 INDEX","I","E",1
"545550",108105,20050915,"SPQ.CE",0,20060318,NA,"C",1025000,216.5,218.5,0,0,24493662,1,0,"SPQ","CE","SPX",1,"CBOE S&P 500 INDEX","I","E",1
"545551",108105,20050915,"SPQ.CJ",0,20060318,20050414,"C",1050000,193.7,195.7,0,3,24487499,1,0,"SPQ","CJ","SPX",1,"CBOE S&P 500 INDEX","I","E",1
"545552",108105,20050915,"SPQ.CO",0,20060318,20050817,"C",1075000,171.3,173.3,0,1,24493658,1,0,"SPQ","CO","SPX",1,"CBOE S&P 500 INDEX","I","E",1
"545553",108105,20050915,"SPQ.CT",0,20060318,20050908,"C",1000000,239.6,241.6,0,265,24487497,1,0,"SPQ","CT","SPX",1,"CBOE S&P 500 INDEX","I","E",1
"545554",108105,20050915,"SPQ.FA",0,20060617,NA,"C",1005000,243.8,245.8,0,1522,26940636,1,0,"SPQ","FA","SPX",1,"CBOE S&P 500 INDEX","I","E",1
"545555",108105,20050915,"SPQ.FJ",0,20060617,20050804,"C",1050000,204.2,206.2,0,1432,21576387,1,0,"SPQ","FJ","SPX",1,"CBOE S&P 500 INDEX","I","E",1
"545556",108105,20050915,"SPQ.FO",0,20060617,20050729,"C",1075000,182.9,184.9,0,1596,21583604,1,0,"SPQ","FO","SPX",1,"CBOE S&P 500 INDEX","I","E",1
"545557",108105,20050915,"SPQ.FT",0,20060617,NA,"C",1000000,248.3,250.3,0,0,24493763,1,0,"SPQ","FT","SPX",1,"CBOE S&P 500 INDEX","I","E",1
"545558",108105,20050915,"SPQ.IA",0,20050917,20050418,"C",1005000,221.7,223.7,0,32,22454780,1,0,"SPQ","IA","SPX",1,"CBOE S&P 500 INDEX","I","E",1
"545559",108105,20050915,"SPQ.IE",0,20050917,20050831,"C",1025000,201.7,203.7,0,17,22449310,1,0,"SPQ","IE","SPX",1,"CBOE S&P 500 INDEX","I","E",1
"545560",108105,20050915,"SPQ.IJ",0,20050917,20050914,"C",1050000,176.7,178.7,0,8044,22449309,1,0,"SPQ","IJ","SPX",1,"CBOE S&P 500 INDEX","I","E",1
"545561",108105,20050915,"SPQ.IM",0,20050917,NA,"C",1065000,161.7,163.7,0,0,27412878,1,0,"SPQ","IM","SPX",1,"CBOE S&P 500 INDEX","I","E",1
"545562",108105,20050915,"SPQ.IN",0,20050917,NA,"C",1070000,156.7,158.7,0,0,26634507,1,0,"SPQ","IN","SPX",1,"CBOE S&P 500 INDEX","I","E",1
"545563",108105,20050915,"SPQ.IO",0,20050917,20050914,"C",1075000,151.7,153.7,0,999,22449308,1,0,"SPQ","IO","SPX",1,"CBOE S&P 500 INDEX","I","E",1
"545564",108105,20050915,"SPQ.IT",0,20050917,20050617,"C",1000000,226.7,228.7,0,2,24492961,1,0,"SPQ","IT","SPX",1,"CBOE S&P 500 INDEX","I","E",1
"545565",108105,20050915,"SPQ.JE",0,20051022,NA,"C",1025000,204.1,206.1,0,0,27255001,1,0,"SPQ","JE","SPX",1,"CBOE S&P 500 INDEX","I","E",1
"545566",108105,20050915,"SPQ.JJ",0,20051022,20050914,"C",1050000,179.3,181.3,0,409,27255003,1,0,"SPQ","JJ","SPX",1,"CBOE S&P 500 INDEX","I","E",1
"545567",108105,20050915,"SPQ.JM",0,20051022,NA,"C",1065000,164.5,166.5,0,0,29068556,1,0,"SPQ","JM","SPX",1,"CBOE S&P 500 INDEX","I","E",1
"545568",108105,20050915,"SPQ.JO",0,20051022,20050914,"C",1075000,154.7,156.7,0,754,27254998,1,0,"SPQ","JO","SPX",1,"CBOE S&P 500 INDEX","I","E",1
"545569",108105,20050915,"SPQ.JR",0,20051022,NA,"C",1090000,139.9,141.9,0,0,29805791,1,0,"SPQ","JR","SPX",1,"CBOE S&P 500 INDEX","I","E",1
"545570",108105,20050915,"SPQ.KE",0,20051119,NA,"C",1025000,205.6,207.6,0,0,28694904,1,0,"SPQ","KE","SPX",1,"CBOE S&P 500 INDEX","I","E",1
"545571",108105,20050915,"SPQ.KJ",0,20051119,NA,"C",1050000,181.2,183.2,0,0,28694905,1,0,"SPQ","KJ","SPX",1,"CBOE S&P 500 INDEX","I","E",1
"545572",108105,20050915,"SPQ.KO",0,20051119,20050914,"C",1075000,157,159,0,30,28694906,1,0,"SPQ","KO","SPX",1,"CBOE S&P 500 INDEX","I","E",1
"545573",108105,20050915,"SPQ.KT",0,20051119,20050915,"C",1000000,230.1,232.1,1,0,29067279,1,0,"SPQ","KT","SPX",1,"CBOE S&P 500 INDEX","I","E",1
"545574",108105,20050915,"SPQ.LA",0,20051217,20050907,"C",1005000,227.3,229.3,0,86,21271715,1,0,"SPQ","LA","SPX",1,"CBOE S&P 500 INDEX","I","E",1
"545575",108105,20050915,"SPQ.LC",0,20051217,NA,"C",1015000,217.6,219.6,0,0,23785336,1,0,"SPQ","LC","SPX",1,"CBOE S&P 500 INDEX","I","E",1
"545576",108105,20050915,"SPQ.LE",0,20051217,20050719,"C",1025000,207.9,209.9,0,390,21308365,1,0,"SPQ","LE","SPX",1,"CBOE S&P 500 INDEX","I","E",1
"545577",108105,20050915,"SPQ.LJ",0,20051217,20050831,"C",1050000,183.9,185.9,0,3428,21271708,1,0,"SPQ","LJ","SPX",1,"CBOE S&P 500 INDEX","I","E",1
"545578",108105,20050915,"SPQ.LO",0,20051217,20050826,"C",1075000,160.2,162.2,0,2572,21308364,1,0,"SPQ","LO","SPX",1,"CBOE S&P 500 INDEX","I","E",1
"545579",108105,20050915,"SPQ.LP",0,20051217,NA,"C",1080000,155.5,157.5,0,0,29437918,1,0,"SPQ","LP","SPX",1,"CBOE S&P 500 INDEX","I","E",1
"545580",108105,20050915,"SPQ.LT",0,20051217,20050513,"C",1000000,232.1,234.1,0,1,24492957,1,0,"SPQ","LT","SPX",1,"CBOE S&P 500 INDEX","I","E",1
"545581",108105,20050915,"SPQ.OE",0,20060318,20050915,"P",1025000,5.9,6.9,1,6856,24493663,1,0,"SPQ","OE","SPX",1,"CBOE S&P 500 INDEX","I","E",1
"545582",108105,20050915,"SPQ.OJ",0,20060318,20050915,"P",1050000,7.6,8.6,5130,19518,24487500,1,0,"SPQ","OJ","SPX",1,"CBOE S&P 500 INDEX","I","E",1
"545583",108105,20050915,"SPQ.OO",0,20060318,20050831,"P",1075000,9.8,10.8,0,22989,24493657,1,0,"SPQ","OO","SPX",1,"CBOE S&P 500 INDEX","I","E",1
"545584",108105,20050915,"SPQ.OT",0,20060318,20050915,"P",1000000,4.6,5.4,159,6386,24487498,1,0,"SPQ","OT","SPX",1,"CBOE S&P 500 INDEX","I","E",1
"545585",108105,20050915,"SPQ.RA",0,20060617,20050901,"P",1005000,9.2,10.2,0,5295,26940635,1,0,"SPQ","RA","SPX",1,"CBOE S&P 500 INDEX","I","E",1
"545586",108105,20050915,"SPQ.RJ",0,20060617,20050912,"P",1050000,12.9,14.5,0,13366,21576391,1,0,"SPQ","RJ","SPX",1,"CBOE S&P 500 INDEX","I","E",1
"545587",108105,20050915,"SPQ.RO",0,20060617,20050906,"P",1075000,15.8,17.4,0,7684,21583606,1,0,"SPQ","RO","SPX",1,"CBOE S&P 500 INDEX","I","E",1
"545588",108105,20050915,"SPQ.RT",0,20060617,20050906,"P",1000000,8.8,9.8,0,7351,24493762,1,0,"SPQ","RT","SPX",1,"CBOE S&P 500 INDEX","I","E",1
"545589",108105,20050915,"SPQ.UA",0,20050917,20050822,"P",1005000,0,0.05,0,4743,22454781,1,0,"SPQ","UA","SPX",1,"CBOE S&P 500 INDEX","I","E",1
"545590",108105,20050915,"SPQ.UE",0,20050917,20050909,"P",1025000,0,0.05,0,36770,22449311,1,0,"SPQ","UE","SPX",1,"CBOE S&P 500 INDEX","I","E",1
"545591",108105,20050915,"SPQ.UJ",0,20050917,20050912,"P",1050000,0,0.05,0,72650,22449307,1,0,"SPQ","UJ","SPX",1,"CBOE S&P 500 INDEX","I","E",1
"545592",108105,20050915,"SPQ.UM",0,20050917,20050901,"P",1065000,0,0.05,0,7349,27412879,1,0,"SPQ","UM","SPX",1,"CBOE S&P 500 INDEX","I","E",1
"545593",108105,20050915,"SPQ.UN",0,20050917,20050824,"P",1070000,0,0.05,0,1992,26634506,1,0,"SPQ","UN","SPX",1,"CBOE S&P 500 INDEX","I","E",1
"545594",108105,20050915,"SPQ.UO",0,20050917,20050913,"P",1075000,0,0.05,0,68042,22449306,1,0,"SPQ","UO","SPX",1,"CBOE S&P 500 INDEX","I","E",1
"545595",108105,20050915,"SPQ.UT",0,20050917,20050914,"P",1000000,0,0.05,0,21305,24492954,1,0,"SPQ","UT","SPX",1,"CBOE S&P 500 INDEX","I","E",1
"545596",108105,20050915,"SPQ.VE",0,20051022,20050915,"P",1025000,0.35,0.45,1810,25076,27255000,1,0,"SPQ","VE","SPX",1,"CBOE S&P 500 INDEX","I","E",1
"545597",108105,20050915,"SPQ.VJ",0,20051022,20050915,"P",1050000,0.35,0.75,2090,18358,27255002,1,0,"SPQ","VJ","SPX",1,"CBOE S&P 500 INDEX","I","E",1
"545598",108105,20050915,"SPQ.VM",0,20051022,20050915,"P",1065000,0.4,0.9,11,2813,29068555,1,0,"SPQ","VM","SPX",1,"CBOE S&P 500 INDEX","I","E",1
"545599",108105,20050915,"SPQ.VO",0,20051022,20050915,"P",1075000,0.7,1,9810,21551,27254999,1,0,"SPQ","VO","SPX",1,"CBOE S&P 500 INDEX","I","E",1
"545600",108105,20050915,"SPQ.VR",0,20051022,20050915,"P",1090000,0.7,1.2,164,120,29805790,1,0,"SPQ","VR","SPX",1,"CBOE S&P 500 INDEX","I","E",1
"545601",108105,20050915,"SPQ.WE",0,20051119,20050915,"P",1025000,1.05,1.35,66,105,28694903,1,0,"SPQ","WE","SPX",1,"CBOE S&P 500 INDEX","I","E",1
"545602",108105,20050915,"SPQ.WJ",0,20051119,20050912,"P",1050000,1.3,1.8,0,676,28694902,1,0,"SPQ","WJ","SPX",1,"CBOE S&P 500 INDEX","I","E",1
"545603",108105,20050915,"SPQ.WO",0,20051119,20050912,"P",1075000,1.95,2.45,0,113,28694901,1,0,"SPQ","WO","SPX",1,"CBOE S&P 500 INDEX","I","E",1
"545604",108105,20050915,"SPQ.WT",0,20051119,NA,"P",1000000,0.55,1.05,0,0,29067278,1,0,"SPQ","WT","SPX",1,"CBOE S&P 500 INDEX","I","E",1
"545605",108105,20050915,"SPQ.XA",0,20051217,20050907,"P",1005000,1.4,1.9,0,28196,21271724,1,0,"SPQ","XA","SPX",1,"CBOE S&P 500 INDEX","I","E",1
"545606",108105,20050915,"SPQ.XC",0,20051217,20050915,"P",1015000,1.6,2.1,1906,4583,23785337,1,0,"SPQ","XC","SPX",1,"CBOE S&P 500 INDEX","I","E",1
"545607",108105,20050915,"SPQ.XE",0,20051217,20050915,"P",1025000,1.85,2.35,8,26341,21308367,1,0,"SPQ","XE","SPX",1,"CBOE S&P 500 INDEX","I","E",1
"545608",108105,20050915,"SPQ.XJ",0,20051217,20050915,"P",1050000,2.5,2.8,206,46619,21271717,1,0,"SPQ","XJ","SPX",1,"CBOE S&P 500 INDEX","I","E",1
"545609",108105,20050915,"SPQ.XO",0,20051217,20050915,"P",1075000,3.5,3.8,31,26864,21308366,1,0,"SPQ","XO","SPX",1,"CBOE S&P 500 INDEX","I","E",1
"545610",108105,20050915,"SPQ.XP",0,20051217,20050912,"P",1080000,3.8,4.6,0,510,29437917,1,0,"SPQ","XP","SPX",1,"CBOE S&P 500 INDEX","I","E",1
"545611",108105,20050915,"SPQ.XT",0,20051217,20050913,"P",1000000,1.3,1.8,0,44989,24492953,1,0,"SPQ","XT","SPX",1,"CBOE S&P 500 INDEX","I","E",1
"545612",108105,20050915,"SPT.CE",0,20060318,20050902,"C",1125000,128.3,130.3,0,163,24493887,1,0,"SPT","CE","SPX",1,"CBOE S&P 500 INDEX","I","E",1
"545613",108105,20050915,"SPT.CJ",0,20060318,20050831,"C",1150000,108.1,110.1,0,7165,24487504,1,0,"SPT","CJ","SPX",1,"CBOE S&P 500 INDEX","I","E",1
"545614",108105,20050915,"SPT.CO",0,20060318,20050913,"C",1175000,88.8,90.8,0,11098,24492197,1,0,"SPT","CO","SPX",1,"CBOE S&P 500 INDEX","I","E",1
"545615",108105,20050915,"SPT.CT",0,20060318,20050829,"C",1100000,149.5,151.5,0,262,24487501,1,0,"SPT","CT","SPX",1,"CBOE S&P 500 INDEX","I","E",1
"545616",108105,20050915,"SPT.FE",0,20060617,20050728,"C",1125000,142,144,0,5738,21577628,1,0,"SPT","FE","SPX",1,"CBOE S&P 500 INDEX","I","E",1
"545617",108105,20050915,"SPT.FJ",0,20060617,20050915,"C",1150000,122.6,124.6,2,8155,21576389,1,0,"SPT","FJ","SPX",1,"CBOE S&P 500 INDEX","I","E",1
"545618",108105,20050915,"SPT.FO",0,20060617,20050913,"C",1175000,104.2,106.2,0,5735,23292920,1,0,"SPT","FO","SPX",1,"CBOE S&P 500 INDEX","I","E",1
"545619",108105,20050915,"SPT.FT",0,20060617,20050913,"C",1100000,162.1,164.1,0,3173,21576397,1,0,"SPT","FT","SPX",1,"CBOE S&P 500 INDEX","I","E",1
"545620",108105,20050915,"SPT.IC",0,20050917,20050913,"C",1115000,111.7,113.7,0,44,27412880,1,0,"SPT","IC","SPX",1,"CBOE S&P 500 INDEX","I","E",1
"545621",108105,20050915,"SPT.ID",0,20050917,NA,"C",1120000,106.7,108.7,0,0,29067407,1,0,"SPT","ID","SPX",1,"CBOE S&P 500 INDEX","I","E",1
"545622",108105,20050915,"SPT.IE",0,20050917,20050913,"C",1125000,101.7,103.7,0,5959,22449319,1,0,"SPT","IE","SPX",1,"CBOE S&P 500 INDEX","I","E",1
"545623",108105,20050915,"SPT.IF",0,20050917,NA,"C",1130000,96.7,98.7,0,0,27936150,1,0,"SPT","IF","SPX",1,"CBOE S&P 500 INDEX","I","E",1
"545624",108105,20050915,"SPT.IG",0,20050917,NA,"C",1135000,91.7,93.7,0,0,29067405,1,0,"SPT","IG","SPX",1,"CBOE S&P 500 INDEX","I","E",1
"545625",108105,20050915,"SPT.IH",0,20050917,20050902,"C",1140000,86.7,88.7,0,63,27091626,1,0,"SPT","IH","SPX",1,"CBOE S&P 500 INDEX","I","E",1
"545626",108105,20050915,"SPT.II",0,20050917,20050829,"C",1145000,81.7,83.7,0,288,27091623,1,0,"SPT","II","SPX",1,"CBOE S&P 500 INDEX","I","E",1
"545627",108105,20050915,"SPT.IJ",0,20050917,20050915,"C",1150000,76.7,78.7,131,11870,22449317,1,0,"SPT","IJ","SPX",1,"CBOE S&P 500 INDEX","I","E",1
"545628",108105,20050915,"SPT.IK",0,20050917,20050914,"C",1155000,71.7,73.7,0,27,27091621,1,0,"SPT","IK","SPX",1,"CBOE S&P 500 INDEX","I","E",1
"545629",108105,20050915,"SPT.IL",0,20050917,20050914,"C",1160000,66.7,68.7,0,157,26315020,1,0,"SPT","IL","SPX",1,"CBOE S&P 500 INDEX","I","E",1
"545630",108105,20050915,"SPT.IM",0,20050917,20050830,"C",1165000,61.7,63.7,0,2,27565508,1,0,"SPT","IM","SPX",1,"CBOE S&P 500 INDEX","I","E",1
"545631",108105,20050915,"SPT.IN",0,20050917,20050831,"C",1170000,56.7,58.7,0,145,27564211,1,0,"SPT","IN","SPX",1,"CBOE S&P 500 INDEX","I","E",1
"545632",108105,20050915,"SPT.IO",0,20050917,20050915,"C",1175000,51.7,53.7,16,31539,22449315,1,0,"SPT","IO","SPX",1,"CBOE S&P 500 INDEX","I","E",1
"545633",108105,20050915,"SPT.IP",0,20050917,20050915,"C",1180000,46.7,48.7,10,350,27565505,1,0,"SPT","IP","SPX",1,"CBOE S&P 500 INDEX","I","E",1
"545634",108105,20050915,"SPT.IQ",0,20050917,20050915,"C",1185000,41.7,43.7,6,105,27564210,1,0,"SPT","IQ","SPX",1,"CBOE S&P 500 INDEX","I","E",1
"545635",108105,20050915,"SPT.IR",0,20050917,20050915,"C",1190000,36.7,38.7,6,3747,26315904,1,0,"SPT","IR","SPX",1,"CBOE S&P 500 INDEX","I","E",1
"545636",108105,20050915,"SPT.IS",0,20050917,20050915,"C",1195000,31.7,33.7,6,6679,26315907,1,0,"SPT","IS","SPX",1,"CBOE S&P 500 INDEX","I","E",1
"545637",108105,20050915,"SPT.IT",0,20050917,20050913,"C",1100000,126.7,128.7,0,6914,22449313,1,0,"SPT","IT","SPX",1,"CBOE S&P 500 INDEX","I","E",1
"545638",108105,20050915,"SPT.JC",0,20051022,20050913,"C",1115000,115.5,117.5,0,20,29068956,1,0,"SPT","JC","SPX",1,"CBOE S&P 500 INDEX","I","E",1
"545639",108105,20050915,"SPT.JD",0,20051022,NA,"C",1120000,110.7,112.7,0,0,29805793,1,0,"SPT","JD","SPX",1,"CBOE S&P 500 INDEX","I","E",1
"545640",108105,20050915,"SPT.JE",0,20051022,20050908,"C",1125000,105.8,107.8,0,2427,27262291,1,0,"SPT","JE","SPX",1,"CBOE S&P 500 INDEX","I","E",1
"545641",108105,20050915,"SPT.JF",0,20051022,20050829,"C",1130000,101,103,0,323,28700060,1,0,"SPT","JF","SPX",1,"CBOE S&P 500 INDEX","I","E",1
"545642",108105,20050915,"SPT.JH",0,20051022,20050913,"C",1140000,91.5,93.5,0,147,28699290,1,0,"SPT","JH","SPX",1,"CBOE S&P 500 INDEX","I","E",1
"545643",108105,20050915,"SPT.JJ",0,20051022,20050915,"C",1150000,82,84,17,159,27262295,1,0,"SPT","JJ","SPX",1,"CBOE S&P 500 INDEX","I","E",1
"545644",108105,20050915,"SPT.JK",0,20051022,20050913,"C",1155000,77.3,79.3,0,64,27412884,1,0,"SPT","JK","SPX",1,"CBOE S&P 500 INDEX","I","E",1
"545645",108105,20050915,"SPT.JL",0,20051022,20050915,"C",1160000,72.6,74.6,9,112,27412882,1,0,"SPT","JL","SPX",1,"CBOE S&P 500 INDEX","I","E",1
"545646",108105,20050915,"SPT.JN",0,20051022,20050914,"C",1170000,63.5,65.5,0,119,28700059,1,0,"SPT","JN","SPX",1,"CBOE S&P 500 INDEX","I","E",1
"545647",108105,20050915,"SPT.JO",0,20051022,20050915,"C",1175000,59,61,17,12351,27262294,1,0,"SPT","JO","SPX",1,"CBOE S&P 500 INDEX","I","E",1
"545648",108105,20050915,"SPT.JP",0,20051022,20050915,"C",1180000,54.5,56.5,9,0,28700056,1,0,"SPT","JP","SPX",1,"CBOE S&P 500 INDEX","I","E",1
"545649",108105,20050915,"SPT.JR",0,20051022,20050915,"C",1190000,45.9,47.9,9,60,28699285,1,0,"SPT","JR","SPX",1,"CBOE S&P 500 INDEX","I","E",1
"545650",108105,20050915,"SPT.JS",0,20051022,20050915,"C",1195000,41.7,43.7,11,7,29437559,1,0,"SPT","JS","SPX",1,"CBOE S&P 500 INDEX","I","E",1
"545651",108105,20050915,"SPT.JT",0,20051022,20050914,"C",1100000,130.1,132.1,0,1335,27267042,1,0,"SPT","JT","SPX",1,"CBOE S&P 500 INDEX","I","E",1
"545652",108105,20050915,"SPT.KE",0,20051119,NA,"C",1125000,109.6,111.6,0,0,28694914,1,0,"SPT","KE","SPX",1,"CBOE S&P 500 INDEX","I","E",1
"545653",108105,20050915,"SPT.KJ",0,20051119,20050914,"C",1150000,86.8,88.8,0,948,28694909,1,0,"SPT","KJ","SPX",1,"CBOE S&P 500 INDEX","I","E",1
"545654",108105,20050915,"SPT.KO",0,20051119,20050824,"C",1175000,65.2,67.2,0,8,28694907,1,0,"SPT","KO","SPX",1,"CBOE S&P 500 INDEX","I","E",1
"545655",108105,20050915,"SPT.KR",0,20051119,NA,"C",1190000,53,55,0,0,28699287,1,0,"SPT","KR","SPX",1,"CBOE S&P 500 INDEX","I","E",1
"545656",108105,20050915,"SPT.KT",0,20051119,NA,"C",1100000,133.1,135.1,0,0,28694908,1,0,"SPT","KT","SPX",1,"CBOE S&P 500 INDEX","I","E",1
"545657",108105,20050915,"SPT.LD",0,20051217,20050830,"C",1120000,118.7,120.7,0,33,26013862,1,0,"SPT","LD","SPX",1,"CBOE S&P 500 INDEX","I","E",1
"545658",108105,20050915,"SPT.LE",0,20051217,20050914,"C",1125000,114.2,116.2,0,17940,21274348,1,0,"SPT","LE","SPX",1,"CBOE S&P 500 INDEX","I","E",1
"545659",108105,20050915,"SPT.LG",0,20051217,NA,"C",1135000,105.3,107.3,0,0,23784803,1,0,"SPT","LG","SPX",1,"CBOE S&P 500 INDEX","I","E",1
"545660",108105,20050915,"SPT.LH",0,20051217,NA,"C",1140000,100.9,102.9,0,0,29067401,1,0,"SPT","LH","SPX",1,"CBOE S&P 500 INDEX","I","E",1
"545661",108105,20050915,"SPT.LI",0,20051217,NA,"C",1145000,96.6,98.6,0,0,29067402,1,0,"SPT","LI","SPX",1,"CBOE S&P 500 INDEX","I","E",1
"545662",108105,20050915,"SPT.LJ",0,20051217,20050915,"C",1150000,92.3,94.3,90,34116,21271714,1,0,"SPT","LJ","SPX",1,"CBOE S&P 500 INDEX","I","E",1
"545663",108105,20050915,"SPT.LO",0,20051217,20050915,"C",1175000,71.5,73.5,11,21669,23200384,1,0,"SPT","LO","SPX",1,"CBOE S&P 500 INDEX","I","E",1
"545664",108105,20050915,"SPT.LQ",0,20051217,20050914,"C",1185000,63.6,65.6,0,3297,24931265,1,0,"SPT","LQ","SPX",1,"CBOE S&P 500 INDEX","I","E",1
"545665",108105,20050915,"SPT.LT",0,20051217,20050913,"C",1100000,136.9,138.9,0,13022,21271710,1,0,"SPT","LT","SPX",1,"CBOE S&P 500 INDEX","I","E",1
"545666",108105,20050915,"SPT.OE",0,20060318,20050912,"P",1125000,15.5,17.1,0,14090,24493886,1,0,"SPT","OE","SPX",1,"CBOE S&P 500 INDEX","I","E",1
"545667",108105,20050915,"SPT.OJ",0,20060318,20050915,"P",1150000,19.7,21.3,83,24801,24487506,1,0,"SPT","OJ","SPX",1,"CBOE S&P 500 INDEX","I","E",1
"545668",108105,20050915,"SPT.OO",0,20060318,20050915,"P",1175000,24.8,26.8,218,17018,24492195,1,0,"SPT","OO","SPX",1,"CBOE S&P 500 INDEX","I","E",1
"545669",108105,20050915,"SPT.OT",0,20060318,20050915,"P",1100000,12.4,13.7,505,29268,24487502,1,0,"SPT","OT","SPX",1,"CBOE S&P 500 INDEX","I","E",1
"545670",108105,20050915,"SPT.RE",0,20060617,20050912,"P",1125000,23.2,25.2,0,10676,21584397,1,0,"SPT","RE","SPX",1,"CBOE S&P 500 INDEX","I","E",1
"545671",108105,20050915,"SPT.RJ",0,20060617,20050914,"P",1150000,28.1,30.1,0,17977,21576395,1,0,"SPT","RJ","SPX",1,"CBOE S&P 500 INDEX","I","E",1
"545672",108105,20050915,"SPT.RO",0,20060617,20050915,"P",1175000,33.9,35.9,310,7588,23292917,1,0,"SPT","RO","SPX",1,"CBOE S&P 500 INDEX","I","E",1
"545673",108105,20050915,"SPT.RT",0,20060617,20050908,"P",1100000,19.3,20.9,0,19964,21576390,1,0,"SPT","RT","SPX",1,"CBOE S&P 500 INDEX","I","E",1
"545674",108105,20050915,"SPT.UC",0,20050917,20050913,"P",1115000,0,0.05,0,84040,27412881,1,0,"SPT","UC","SPX",1,"CBOE S&P 500 INDEX","I","E",1
"545675",108105,20050915,"SPT.UD",0,20050917,20050915,"P",1120000,0,0.05,12,10,29067406,1,0,"SPT","UD","SPX",1,"CBOE S&P 500 INDEX","I","E",1
"545676",108105,20050915,"SPT.UE",0,20050917,20050915,"P",1125000,0,0.05,35,135207,22449312,1,0,"SPT","UE","SPX",1,"CBOE S&P 500 INDEX","I","E",1
"545677",108105,20050915,"SPT.UF",0,20050917,20050914,"P",1130000,0,0.05,0,85235,27936151,1,0,"SPT","UF","SPX",1,"CBOE S&P 500 INDEX","I","E",1
"545678",108105,20050915,"SPT.UG",0,20050917,20050915,"P",1135000,0,0.05,3,644,29067400,1,0,"SPT","UG","SPX",1,"CBOE S&P 500 INDEX","I","E",1
"545679",108105,20050915,"SPT.UH",0,20050917,20050915,"P",1140000,0,0.05,1,77571,27091622,1,0,"SPT","UH","SPX",1,"CBOE S&P 500 INDEX","I","E",1
"545680",108105,20050915,"SPT.UI",0,20050917,20050915,"P",1145000,0,0.05,10,7111,27091624,1,0,"SPT","UI","SPX",1,"CBOE S&P 500 INDEX","I","E",1
"545681",108105,20050915,"SPT.UJ",0,20050917,20050915,"P",1150000,0,0.1,20,74477,22449316,1,0,"SPT","UJ","SPX",1,"CBOE S&P 500 INDEX","I","E",1
"545682",108105,20050915,"SPT.UK",0,20050917,20050915,"P",1155000,0,0.05,40,6650,27091625,1,0,"SPT","UK","SPX",1,"CBOE S&P 500 INDEX","I","E",1
"545683",108105,20050915,"SPT.UL",0,20050917,20050915,"P",1160000,0.05,0.25,2060,34696,26315021,1,0,"SPT","UL","SPX",1,"CBOE S&P 500 INDEX","I","E",1
"545684",108105,20050915,"SPT.UM",0,20050917,20050915,"P",1165000,0,0.15,1619,16202,27565507,1,0,"SPT","UM","SPX",1,"CBOE S&P 500 INDEX","I","E",1
"545685",108105,20050915,"SPT.UN",0,20050917,20050915,"P",1170000,0.05,0.35,721,12075,27564212,1,0,"SPT","UN","SPX",1,"CBOE S&P 500 INDEX","I","E",1
"545686",108105,20050915,"SPT.UO",0,20050917,20050915,"P",1175000,0.05,0.1,581,75200,22449314,1,0,"SPT","UO","SPX",1,"CBOE S&P 500 INDEX","I","E",1
"545687",108105,20050915,"SPT.UP",0,20050917,20050915,"P",1180000,0.1,0.3,504,19033,27565506,1,0,"SPT","UP","SPX",1,"CBOE S&P 500 INDEX","I","E",1
"545688",108105,20050915,"SPT.UQ",0,20050917,20050915,"P",1185000,0,0.15,621,14019,27564209,1,0,"SPT","UQ","SPX",1,"CBOE S&P 500 INDEX","I","E",1
"545689",108105,20050915,"SPT.UR",0,20050917,20050915,"P",1190000,0.1,0.15,380,22554,26315905,1,0,"SPT","UR","SPX",1,"CBOE S&P 500 INDEX","I","E",1
"545690",108105,20050915,"SPT.US",0,20050917,20050915,"P",1195000,0.05,0.2,1243,26735,26315906,1,0,"SPT","US","SPX",1,"CBOE S&P 500 INDEX","I","E",1
"545691",108105,20050915,"SPT.UT",0,20050917,20050915,"P",1100000,0,0.05,70,151390,22449318,1,0,"SPT","UT","SPX",1,"CBOE S&P 500 INDEX","I","E",1
"545692",108105,20050915,"SPT.VC",0,20051022,20050915,"P",1115000,1.2,1.7,230,4316,29068955,1,0,"SPT","VC","SPX",1,"CBOE S&P 500 INDEX","I","E",1
"545693",108105,20050915,"SPT.VD",0,20051022,20050915,"P",1120000,1.35,1.85,100,10,29805792,1,0,"SPT","VD","SPX",1,"CBOE S&P 500 INDEX","I","E",1
"545694",108105,20050915,"SPT.VE",0,20051022,20050915,"P",1125000,1.55,1.9,3423,46047,27262292,1,0,"SPT","VE","SPX",1,"CBOE S&P 500 INDEX","I","E",1
"545695",108105,20050915,"SPT.VF",0,20051022,20050915,"P",1130000,1.65,2.15,4125,2770,28700061,1,0,"SPT","VF","SPX",1,"CBOE S&P 500 INDEX","I","E",1
"545696",108105,20050915,"SPT.VH",0,20051022,20050915,"P",1140000,2,2.55,10513,10569,28699286,1,0,"SPT","VH","SPX",1,"CBOE S&P 500 INDEX","I","E",1
"545697",108105,20050915,"SPT.VJ",0,20051022,20050915,"P",1150000,2.5,2.9,6525,32074,27262293,1,0,"SPT","VJ","SPX",1,"CBOE S&P 500 INDEX","I","E",1
"545698",108105,20050915,"SPT.VK",0,20051022,20050915,"P",1155000,2.7,3.5,134,1729,27412885,1,0,"SPT","VK","SPX",1,"CBOE S&P 500 INDEX","I","E",1
"545699",108105,20050915,"SPT.VL",0,20051022,20050915,"P",1160000,3,3.6,806,7967,27412883,1,0,"SPT","VL","SPX",1,"CBOE S&P 500 INDEX","I","E",1
"545700",108105,20050915,"SPT.VN",0,20051022,20050915,"P",1170000,3.8,4.6,742,5356,28700058,1,0,"SPT","VN","SPX",1,"CBOE S&P 500 INDEX","I","E",1
"545701",108105,20050915,"SPT.VO",0,20051022,20050915,"P",1175000,4.3,4.6,385,32295,27262290,1,0,"SPT","VO","SPX",1,"CBOE S&P 500 INDEX","I","E",1
"545702",108105,20050915,"SPT.VP",0,20051022,20050915,"P",1180000,4.8,5.6,9916,7784,28700057,1,0,"SPT","VP","SPX",1,"CBOE S&P 500 INDEX","I","E",1
"545703",108105,20050915,"SPT.VR",0,20051022,20050915,"P",1190000,6.1,7,1655,15398,28699288,1,0,"SPT","VR","SPX",1,"CBOE S&P 500 INDEX","I","E",1
"545704",108105,20050915,"SPT.VS",0,20051022,20050915,"P",1195000,6.8,7.8,125,791,29437560,1,0,"SPT","VS","SPX",1,"CBOE S&P 500 INDEX","I","E",1
"545705",108105,20050915,"SPT.VT",0,20051022,20050915,"P",1100000,1.1,1.35,33906,50100,27267043,1,0,"SPT","VT","SPX",1,"CBOE S&P 500 INDEX","I","E",1
"545706",108105,20050915,"SPT.WE",0,20051119,20050915,"P",1125000,4.1,4.7,580,14138,28694910,1,0,"SPT","WE","SPX",1,"CBOE S&P 500 INDEX","I","E",1
"545707",108105,20050915,"SPT.WJ",0,20051119,20050915,"P",1150000,6,6.7,14,16692,28694913,1,0,"SPT","WJ","SPX",1,"CBOE S&P 500 INDEX","I","E",1
"545708",108105,20050915,"SPT.WO",0,20051119,20050915,"P",1175000,9.2,10,618,7001,28694911,1,0,"SPT","WO","SPX",1,"CBOE S&P 500 INDEX","I","E",1
"545709",108105,20050915,"SPT.WR",0,20051119,20050915,"P",1190000,11.6,13.2,1,5476,28699289,1,0,"SPT","WR","SPX",1,"CBOE S&P 500 INDEX","I","E",1
"545710",108105,20050915,"SPT.WT",0,20051119,20050915,"P",1100000,2.7,3.5,9,36321,28694912,1,0,"SPT","WT","SPX",1,"CBOE S&P 500 INDEX","I","E",1
"545711",108105,20050915,"SPT.XD",0,20051217,20050909,"P",1120000,6.4,7.4,0,4681,26013861,1,0,"SPT","XD","SPX",1,"CBOE S&P 500 INDEX","I","E",1
"545712",108105,20050915,"SPT.XE",0,20051217,20050914,"P",1125000,6.9,7.6,0,47336,21274350,1,0,"SPT","XE","SPX",1,"CBOE S&P 500 INDEX","I","E",1
"545713",108105,20050915,"SPT.XG",0,20051217,20050909,"P",1135000,7.9,8.9,0,5439,23784802,1,0,"SPT","XG","SPX",1,"CBOE S&P 500 INDEX","I","E",1
"545714",108105,20050915,"SPT.XH",0,20051217,20050913,"P",1140000,8.5,9.5,0,45,29067404,1,0,"SPT","XH","SPX",1,"CBOE S&P 500 INDEX","I","E",1
"545715",108105,20050915,"SPT.XI",0,20051217,20050913,"P",1145000,9.1,10.1,0,1320,29067403,1,0,"SPT","XI","SPX",1,"CBOE S&P 500 INDEX","I","E",1
"545716",108105,20050915,"SPT.XJ",0,20051217,20050915,"P",1150000,10,10.7,11820,84052,21271723,1,0,"SPT","XJ","SPX",1,"CBOE S&P 500 INDEX","I","E",1
"545717",108105,20050915,"SPT.XO",0,20051217,20050915,"P",1175000,13.4,15,124,54786,23200383,1,0,"SPT","XO","SPX",1,"CBOE S&P 500 INDEX","I","E",1
"545718",108105,20050915,"SPT.XQ",0,20051217,20050914,"P",1185000,15.4,17,0,12149,24931258,1,0,"SPT","XQ","SPX",1,"CBOE S&P 500 INDEX","I","E",1
"545719",108105,20050915,"SPT.XT",0,20051217,20050915,"P",1100000,5,5.3,1482,70640,21271719,1,0,"SPT","XT","SPX",1,"CBOE S&P 500 INDEX","I","E",1
"545720",108105,20050915,"SPX.CE",0,20060318,NA,"C",825000,406.8,408.8,0,0,24493889,1,0,"SPX","CE","SPX",1,"CBOE S&P 500 INDEX","I","E",1
"545721",108105,20050915,"SPX.CJ",0,20060318,NA,"C",850000,382.6,384.6,0,0,24487529,1,0,"SPX","CJ","SPX",1,"CBOE S&P 500 INDEX","I","E",1
"545722",108105,20050915,"SPX.CO",0,20060318,NA,"C",875000,358.5,360.5,0,0,29438961,1,0,"SPX","CO","SPX",1,"CBOE S&P 500 INDEX","I","E",1
"545723",108105,20050915,"SPX.CT",0,20060318,NA,"C",800000,431.1,433.1,0,0,24487531,1,0,"SPX","CT","SPX",1,"CBOE S&P 500 INDEX","I","E",1
"545724",108105,20050915,"SPX.FJ",0,20060617,20050504,"C",850000,387,389,0,2,21576020,1,0,"SPX","FJ","SPX",1,"CBOE S&P 500 INDEX","I","E",1
"545725",108105,20050915,"SPX.FT",0,20060617,20050802,"C",800000,434.5,436.5,0,53,21577504,1,0,"SPX","FT","SPX",1,"CBOE S&P 500 INDEX","I","E",1
"545726",108105,20050915,"SPX.IE",0,20050917,NA,"C",825000,401.6,403.6,0,0,22449343,1,0,"SPX","IE","SPX",1,"CBOE S&P 500 INDEX","I","E",1
"545727",108105,20050915,"SPX.IJ",0,20050917,20050912,"C",850000,376.6,378.6,0,10,22449345,1,0,"SPX","IJ","SPX",1,"CBOE S&P 500 INDEX","I","E",1
"545728",108105,20050915,"SPX.IO",0,20050917,NA,"C",875000,351.6,353.6,0,0,22449342,1,0,"SPX","IO","SPX",1,"CBOE S&P 500 INDEX","I","E",1
"545729",108105,20050915,"SPX.IT",0,20050917,NA,"C",800000,426.6,428.6,0,0,22449340,1,0,"SPX","IT","SPX",1,"CBOE S&P 500 INDEX","I","E",1
"545730",108105,20050915,"SPX.JE",0,20051022,NA,"C",825000,403,405,0,0,27262325,1,0,"SPX","JE","SPX",1,"CBOE S&P 500 INDEX","I","E",1
"545731",108105,20050915,"SPX.JJ",0,20051022,NA,"C",850000,378.1,380.1,0,0,27262320,1,0,"SPX","JJ","SPX",1,"CBOE S&P 500 INDEX","I","E",1
"545732",108105,20050915,"SPX.JO",0,20051022,NA,"C",875000,353.2,355.2,0,0,27262323,1,0,"SPX","JO","SPX",1,"CBOE S&P 500 INDEX","I","E",1
"545733",108105,20050915,"SPX.JT",0,20051022,NA,"C",800000,427.9,429.9,0,0,27262319,1,0,"SPX","JT","SPX",1,"CBOE S&P 500 INDEX","I","E",1
"545734",108105,20050915,"SPX.KE",0,20051119,NA,"C",825000,403.1,405.1,0,0,28694940,1,0,"SPX","KE","SPX",1,"CBOE S&P 500 INDEX","I","E",1
"545735",108105,20050915,"SPX.KJ",0,20051119,NA,"C",850000,378.3,380.3,0,0,28694943,1,0,"SPX","KJ","SPX",1,"CBOE S&P 500 INDEX","I","E",1
"545736",108105,20050915,"SPX.KO",0,20051119,NA,"C",875000,353.6,355.6,0,0,28694941,1,0,"SPX","KO","SPX",1,"CBOE S&P 500 INDEX","I","E",1
"545737",108105,20050915,"SPX.KT",0,20051119,NA,"C",800000,428,430,0,0,28694937,1,0,"SPX","KT","SPX",1,"CBOE S&P 500 INDEX","I","E",1
"545738",108105,20050915,"SPX.LJ",0,20051217,20050912,"C",850000,379.3,381.3,0,30,21271686,1,0,"SPX","LJ","SPX",1,"CBOE S&P 500 INDEX","I","E",1
"545739",108105,20050915,"SPX.LT",0,20051217,20041108,"C",800000,428.7,430.7,0,1906,21271688,1,0,"SPX","LT","SPX",1,"CBOE S&P 500 INDEX","I","E",1
"545740",108105,20050915,"SPX.OE",0,20060318,20050824,"P",825000,0.5,1,0,2470,24493888,1,0,"SPX","OE","SPX",1,"CBOE S&P 500 INDEX","I","E",1
"545741",108105,20050915,"SPX.OJ",0,20060318,20050915,"P",850000,0.8,1.3,40,944,24487530,1,0,"SPX","OJ","SPX",1,"CBOE S&P 500 INDEX","I","E",1
"545742",108105,20050915,"SPX.OO",0,20060318,20050913,"P",875000,1.15,1.65,0,40,29438960,1,0,"SPX","OO","SPX",1,"CBOE S&P 500 INDEX","I","E",1
"545743",108105,20050915,"SPX.OT",0,20060318,20050818,"P",800000,0.3,0.8,0,19936,24487532,1,0,"SPX","OT","SPX",1,"CBOE S&P 500 INDEX","I","E",1
"545744",108105,20050915,"SPX.RJ",0,20060617,20050915,"P",850000,2.15,2.5,20,149259,21576015,1,0,"SPX","RJ","SPX",1,"CBOE S&P 500 INDEX","I","E",1
"545745",108105,20050915,"SPX.RT",0,20060617,20050915,"P",800000,1.3,1.8,40,17944,21577505,1,0,"SPX","RT","SPX",1,"CBOE S&P 500 INDEX","I","E",1
"545746",108105,20050915,"SPX.UE",0,20050917,20050721,"P",825000,0,0.05,0,815,22449347,1,0,"SPX","UE","SPX",1,"CBOE S&P 500 INDEX","I","E",1
"545747",108105,20050915,"SPX.UJ",0,20050917,20050826,"P",850000,0,0.05,0,34018,22449341,1,0,"SPX","UJ","SPX",1,"CBOE S&P 500 INDEX","I","E",1
"545748",108105,20050915,"SPX.UO",0,20050917,20050826,"P",875000,0,0.05,0,1196,22449346,1,0,"SPX","UO","SPX",1,"CBOE S&P 500 INDEX","I","E",1
"545749",108105,20050915,"SPX.UT",0,20050917,20050719,"P",800000,0,0.05,0,11944,22449344,1,0,"SPX","UT","SPX",1,"CBOE S&P 500 INDEX","I","E",1
"545750",108105,20050915,"SPX.VE",0,20051022,20050908,"P",825000,0,0.05,0,458,27262324,1,0,"SPX","VE","SPX",1,"CBOE S&P 500 INDEX","I","E",1
"545751",108105,20050915,"SPX.VJ",0,20051022,20050915,"P",850000,0,0.1,2900,70,27262321,1,0,"SPX","VJ","SPX",1,"CBOE S&P 500 INDEX","I","E",1
"545752",108105,20050915,"SPX.VO",0,20051022,20050915,"P",875000,0,0.1,201,2600,27262322,1,0,"SPX","VO","SPX",1,"CBOE S&P 500 INDEX","I","E",1
"545753",108105,20050915,"SPX.VT",0,20051022,20050913,"P",800000,0,0.05,0,395,27262318,1,0,"SPX","VT","SPX",1,"CBOE S&P 500 INDEX","I","E",1
"545754",108105,20050915,"SPX.WE",0,20051119,NA,"P",825000,0,0.5,0,0,28694942,1,0,"SPX","WE","SPX",1,"CBOE S&P 500 INDEX","I","E",1
"545755",108105,20050915,"SPX.WJ",0,20051119,NA,"P",850000,0,0.5,0,0,28694944,1,0,"SPX","WJ","SPX",1,"CBOE S&P 500 INDEX","I","E",1
"545756",108105,20050915,"SPX.WO",0,20051119,20050907,"P",875000,0,0.5,0,5,28694938,1,0,"SPX","WO","SPX",1,"CBOE S&P 500 INDEX","I","E",1
"545757",108105,20050915,"SPX.WT",0,20051119,NA,"P",800000,0,0.5,0,0,28694939,1,0,"SPX","WT","SPX",1,"CBOE S&P 500 INDEX","I","E",1
"545758",108105,20050915,"SPX.XJ",0,20051217,20050909,"P",850000,0.15,0.5,0,65408,21271693,1,0,"SPX","XJ","SPX",1,"CBOE S&P 500 INDEX","I","E",1
"545759",108105,20050915,"SPX.XT",0,20051217,20050915,"P",800000,0.05,0.5,7250,44776,21271695,1,0,"SPX","XT","SPX",1,"CBOE S&P 500 INDEX","I","E",1
"545760",108105,20050915,"SPZ.CJ",0,20060318,NA,"C",750000,479.8,481.8,0,0,24493715,1,0,"SPZ","CJ","SPX",1,"CBOE S&P 500 INDEX","I","E",1
"545761",108105,20050915,"SPZ.CT",0,20060318,20050624,"C",700000,528.7,530.7,0,4501,24493713,1,0,"SPZ","CT","SPX",1,"CBOE S&P 500 INDEX","I","E",1
"545762",108105,20050915,"SPZ.FJ",0,20060617,NA,"C",750000,482.3,484.3,0,0,21576024,1,0,"SPZ","FJ","SPX",1,"CBOE S&P 500 INDEX","I","E",1
"545763",108105,20050915,"SPZ.FT",0,20060617,20050822,"C",700000,530.4,532.4,0,17,21576018,1,0,"SPZ","FT","SPX",1,"CBOE S&P 500 INDEX","I","E",1
"545764",108105,20050915,"SPZ.IJ",0,20050917,NA,"C",750000,476.6,478.6,0,0,22449350,1,0,"SPZ","IJ","SPX",1,"CBOE S&P 500 INDEX","I","E",1
"545765",108105,20050915,"SPZ.IT",0,20050917,20041014,"C",700000,526.6,528.6,0,1,22449348,1,0,"SPZ","IT","SPX",1,"CBOE S&P 500 INDEX","I","E",1
"545766",108105,20050915,"SPZ.LJ",0,20051217,20050720,"C",750000,478.1,480.1,0,200,21271687,1,0,"SPZ","LJ","SPX",1,"CBOE S&P 500 INDEX","I","E",1
"545767",108105,20050915,"SPZ.LT",0,20051217,20050425,"C",700000,527.6,529.6,0,177,21271685,1,0,"SPZ","LT","SPX",1,"CBOE S&P 500 INDEX","I","E",1
"545768",108105,20050915,"SPZ.OJ",0,20060318,20050901,"P",750000,0,0.5,0,291,24493714,1,0,"SPZ","OJ","SPX",1,"CBOE S&P 500 INDEX","I","E",1
"545769",108105,20050915,"SPZ.OT",0,20060318,20050902,"P",700000,0.05,0.5,0,5955,24493712,1,0,"SPZ","OT","SPX",1,"CBOE S&P 500 INDEX","I","E",1
"545770",108105,20050915,"SPZ.RJ",0,20060617,20050915,"P",750000,0.65,1.15,80,4457,21576022,1,0,"SPZ","RJ","SPX",1,"CBOE S&P 500 INDEX","I","E",1
"545771",108105,20050915,"SPZ.RT",0,20060617,20050909,"P",700000,0.25,0.75,0,80128,21576013,1,0,"SPZ","RT","SPX",1,"CBOE S&P 500 INDEX","I","E",1
"545772",108105,20050915,"SPZ.UJ",0,20050917,20050829,"P",750000,0,0.05,0,3535,22449349,1,0,"SPZ","UJ","SPX",1,"CBOE S&P 500 INDEX","I","E",1
"545773",108105,20050915,"SPZ.UT",0,20050917,20050824,"P",700000,0,0.05,0,37164,22449351,1,0,"SPZ","UT","SPX",1,"CBOE S&P 500 INDEX","I","E",1
"545774",108105,20050915,"SPZ.XJ",0,20051217,20050915,"P",750000,0.05,0.15,75,30378,21271694,1,0,"SPZ","XJ","SPX",1,"CBOE S&P 500 INDEX","I","E",1
"545775",108105,20050915,"SPZ.XT",0,20051217,20050915,"P",700000,0.05,0.15,5,107002,21271692,1,0,"SPZ","XT","SPX",1,"CBOE S&P 500 INDEX","I","E",1
"545776",108105,20050915,"SXB.CE",0,20060318,20050523,"C",925000,310.4,312.4,0,6,24493653,1,0,"SXB","CE","SPX",1,"CBOE S&P 500 INDEX","I","E",1
"545777",108105,20050915,"SXB.CJ",0,20060318,20050517,"C",950000,286.6,288.6,0,5,24486893,1,0,"SXB","CJ","SPX",1,"CBOE S&P 500 INDEX","I","E",1
"545778",108105,20050915,"SXB.CO",0,20060318,NA,"C",975000,263,265,0,0,24493654,1,0,"SXB","CO","SPX",1,"CBOE S&P 500 INDEX","I","E",1
"545779",108105,20050915,"SXB.CT",0,20060318,NA,"C",900000,334.4,336.4,0,0,24486895,1,0,"SXB","CT","SPX",1,"CBOE S&P 500 INDEX","I","E",1
"545780",108105,20050915,"SXB.FE",0,20060617,NA,"C",925000,316.7,318.7,0,0,28304493,1,0,"SXB","FE","SPX",1,"CBOE S&P 500 INDEX","I","E",1
"545781",108105,20050915,"SXB.FJ",0,20060617,20050831,"C",950000,293.7,295.7,0,584,21576014,1,0,"SXB","FJ","SPX",1,"CBOE S&P 500 INDEX","I","E",1
"545782",108105,20050915,"SXB.FS",0,20060617,20050831,"C",995000,252.8,254.8,0,568,21576023,1,0,"SXB","FS","SPX",1,"CBOE S&P 500 INDEX","I","E",1
"545783",108105,20050915,"SXB.FT",0,20060617,20050531,"C",900000,340,342,0,257,21576019,1,0,"SXB","FT","SPX",1,"CBOE S&P 500 INDEX","I","E",1
"545784",108105,20050915,"SXB.IE",0,20050917,NA,"C",925000,301.6,303.6,0,0,22450521,1,0,"SXB","IE","SPX",1,"CBOE S&P 500 INDEX","I","E",1
"545785",108105,20050915,"SXB.IJ",0,20050917,20050912,"C",950000,276.6,278.6,0,40,22450519,1,0,"SXB","IJ","SPX",1,"CBOE S&P 500 INDEX","I","E",1
"545786",108105,20050915,"SXB.IO",0,20050917,20050915,"C",975000,251.6,253.6,250,279,22450525,1,0,"SXB","IO","SPX",1,"CBOE S&P 500 INDEX","I","E",1
"545787",108105,20050915,"SXB.IS",0,20050917,20050722,"C",995000,231.7,233.7,0,58,22450517,1,0,"SXB","IS","SPX",1,"CBOE S&P 500 INDEX","I","E",1
"545788",108105,20050915,"SXB.IT",0,20050917,20050616,"C",900000,326.6,328.6,0,502,22450522,1,0,"SXB","IT","SPX",1,"CBOE S&P 500 INDEX","I","E",1
"545789",108105,20050915,"SXB.JE",0,20051022,NA,"C",925000,303.4,305.4,0,0,27262834,1,0,"SXB","JE","SPX",1,"CBOE S&P 500 INDEX","I","E",1
"545790",108105,20050915,"SXB.JJ",0,20051022,NA,"C",950000,278.5,280.5,0,0,27262836,1,0,"SXB","JJ","SPX",1,"CBOE S&P 500 INDEX","I","E",1
"545791",108105,20050915,"SXB.JO",0,20051022,20050915,"C",975000,253.7,255.7,250,0,27262835,1,0,"SXB","JO","SPX",1,"CBOE S&P 500 INDEX","I","E",1
"545792",108105,20050915,"SXB.JS",0,20051022,NA,"C",995000,233.8,235.8,0,0,27567711,1,0,"SXB","JS","SPX",1,"CBOE S&P 500 INDEX","I","E",1
"545793",108105,20050915,"SXB.JT",0,20051022,NA,"C",900000,328.3,330.3,0,0,27262838,1,0,"SXB","JT","SPX",1,"CBOE S&P 500 INDEX","I","E",1
"545794",108105,20050915,"SXB.KE",0,20051119,NA,"C",925000,304,306,0,0,28695363,1,0,"SXB","KE","SPX",1,"CBOE S&P 500 INDEX","I","E",1
"545795",108105,20050915,"SXB.KJ",0,20051119,NA,"C",950000,279.3,281.3,0,0,28695365,1,0,"SXB","KJ","SPX",1,"CBOE S&P 500 INDEX","I","E",1
"545796",108105,20050915,"SXB.KO",0,20051119,NA,"C",975000,254.7,256.7,0,0,28695369,1,0,"SXB","KO","SPX",1,"CBOE S&P 500 INDEX","I","E",1
"545797",108105,20050915,"SXB.KT",0,20051119,NA,"C",900000,328.8,330.8,0,0,28695368,1,0,"SXB","KT","SPX",1,"CBOE S&P 500 INDEX","I","E",1
"545798",108105,20050915,"SXB.LF",0,20051217,20050112,"C",930000,300.5,302.5,0,140,21272279,1,0,"SXB","LF","SPX",1,"CBOE S&P 500 INDEX","I","E",1
"545799",108105,20050915,"SXB.LJ",0,20051217,20050912,"C",950000,280.9,282.9,0,1149,21271691,1,0,"SXB","LJ","SPX",1,"CBOE S&P 500 INDEX","I","E",1
"545800",108105,20050915,"SXB.LS",0,20051217,20050705,"C",995000,237,239,0,109,21271689,1,0,"SXB","LS","SPX",1,"CBOE S&P 500 INDEX","I","E",1
"545801",108105,20050915,"SXB.LT",0,20051217,20050825,"C",900000,330,332,0,504,21271690,1,0,"SXB","LT","SPX",1,"CBOE S&P 500 INDEX","I","E",1
"545802",108105,20050915,"SXB.OE",0,20060318,20050830,"P",925000,2,2.8,0,1847,24493655,1,0,"SXB","OE","SPX",1,"CBOE S&P 500 INDEX","I","E",1
"545803",108105,20050915,"SXB.OJ",0,20060318,20050915,"P",950000,2.7,3.5,50,32491,24486896,1,0,"SXB","OJ","SPX",1,"CBOE S&P 500 INDEX","I","E",1
"545804",108105,20050915,"SXB.OO",0,20060318,20050915,"P",975000,3.5,4.3,10,4563,24493656,1,0,"SXB","OO","SPX",1,"CBOE S&P 500 INDEX","I","E",1
"545805",108105,20050915,"SXB.OT",0,20060318,20050915,"P",900000,1.55,1.75,3300,10304,24486894,1,0,"SXB","OT","SPX",1,"CBOE S&P 500 INDEX","I","E",1
"545806",108105,20050915,"SXB.RE",0,20060617,NA,"P",925000,4.6,5.4,0,0,28304492,1,0,"SXB","RE","SPX",1,"CBOE S&P 500 INDEX","I","E",1
"545807",108105,20050915,"SXB.RJ",0,20060617,20050913,"P",950000,5.7,6.7,0,69560,21576016,1,0,"SXB","RJ","SPX",1,"CBOE S&P 500 INDEX","I","E",1
"545808",108105,20050915,"SXB.RS",0,20060617,20050831,"P",995000,8.4,9.4,0,7714,21576021,1,0,"SXB","RS","SPX",1,"CBOE S&P 500 INDEX","I","E",1
"545809",108105,20050915,"SXB.RT",0,20060617,20050823,"P",900000,3.6,4.4,0,35972,21576017,1,0,"SXB","RT","SPX",1,"CBOE S&P 500 INDEX","I","E",1
"545810",108105,20050915,"SXB.UE",0,20050917,20050817,"P",925000,0,0.05,0,6882,22450518,1,0,"SXB","UE","SPX",1,"CBOE S&P 500 INDEX","I","E",1
"545811",108105,20050915,"SXB.UJ",0,20050917,20050902,"P",950000,0,0.05,0,16276,22450523,1,0,"SXB","UJ","SPX",1,"CBOE S&P 500 INDEX","I","E",1
"545812",108105,20050915,"SXB.UO",0,20050917,20050906,"P",975000,0,0.05,0,4870,22450516,1,0,"SXB","UO","SPX",1,"CBOE S&P 500 INDEX","I","E",1
"545813",108105,20050915,"SXB.US",0,20050917,20050831,"P",995000,0,0.05,0,9088,22450524,1,0,"SXB","US","SPX",1,"CBOE S&P 500 INDEX","I","E",1
"545814",108105,20050915,"SXB.UT",0,20050917,20050817,"P",900000,0,0.05,0,39698,22450520,1,0,"SXB","UT","SPX",1,"CBOE S&P 500 INDEX","I","E",1
"545815",108105,20050915,"SXB.VE",0,20051022,20050901,"P",925000,0,0.15,0,250,27262832,1,0,"SXB","VE","SPX",1,"CBOE S&P 500 INDEX","I","E",1
"545816",108105,20050915,"SXB.VJ",0,20051022,20050913,"P",950000,0.05,0.2,0,636,27262837,1,0,"SXB","VJ","SPX",1,"CBOE S&P 500 INDEX","I","E",1
"545817",108105,20050915,"SXB.VO",0,20051022,20050915,"P",975000,0.1,0.35,20,409,27262833,1,0,"SXB","VO","SPX",1,"CBOE S&P 500 INDEX","I","E",1
"545818",108105,20050915,"SXB.VS",0,20051022,20050915,"P",995000,0.25,0.35,10,11765,27567712,1,0,"SXB","VS","SPX",1,"CBOE S&P 500 INDEX","I","E",1
"545819",108105,20050915,"SXB.VT",0,20051022,20050913,"P",900000,0.05,0.15,0,2881,27262839,1,0,"SXB","VT","SPX",1,"CBOE S&P 500 INDEX","I","E",1
"545820",108105,20050915,"SXB.WE",0,20051119,NA,"P",925000,0.05,0.5,0,0,28695370,1,0,"SXB","WE","SPX",1,"CBOE S&P 500 INDEX","I","E",1
"545821",108105,20050915,"SXB.WJ",0,20051119,20050908,"P",950000,0.15,0.65,0,60,28695367,1,0,"SXB","WJ","SPX",1,"CBOE S&P 500 INDEX","I","E",1
"545822",108105,20050915,"SXB.WO",0,20051119,20050915,"P",975000,0.3,0.8,200,1204,28695366,1,0,"SXB","WO","SPX",1,"CBOE S&P 500 INDEX","I","E",1
"545823",108105,20050915,"SXB.WT",0,20051119,20050912,"P",900000,0.05,0.5,0,219,28695364,1,0,"SXB","WT","SPX",1,"CBOE S&P 500 INDEX","I","E",1
"545824",108105,20050915,"SXB.XF",0,20051217,20050901,"P",930000,0.35,0.85,0,8074,21272280,1,0,"SXB","XF","SPX",1,"CBOE S&P 500 INDEX","I","E",1
"545825",108105,20050915,"SXB.XJ",0,20051217,20050915,"P",950000,0.75,0.85,7370,61612,21271698,1,0,"SXB","XJ","SPX",1,"CBOE S&P 500 INDEX","I","E",1
"545826",108105,20050915,"SXB.XS",0,20051217,20050915,"P",995000,1.2,1.7,8,17605,21271696,1,0,"SXB","XS","SPX",1,"CBOE S&P 500 INDEX","I","E",1
"545827",108105,20050915,"SXB.XT",0,20051217,20050915,"P",900000,0.3,0.5,5,56713,21271697,1,0,"SXB","XT","SPX",1,"CBOE S&P 500 INDEX","I","E",1
"545828",108105,20050915,"SXG.FA",0,20070616,20050907,"C",1400000,39.5,42.5,0,575,26643112,1,0,"SXG","FA","SPX",1,"CBOE S&P 500 INDEX","I","E",1
"545829",108105,20050915,"SXG.FB",0,20070616,20050915,"C",1225000,121.1,124.1,501,3600,26643095,1,0,"SXG","FB","SPX",1,"CBOE S&P 500 INDEX","I","E",1
"545830",108105,20050915,"SXG.FD",0,20070616,NA,"C",1175000,152.6,155.6,0,0,29067408,1,0,"SXG","FD","SPX",1,"CBOE S&P 500 INDEX","I","E",1
"545831",108105,20050915,"SXG.FJ",0,20070616,20050803,"C",1050000,242.2,245.2,0,836,26643106,1,0,"SXG","FJ","SPX",1,"CBOE S&P 500 INDEX","I","E",1
"545832",108105,20050915,"SXG.FK",0,20070616,20050909,"C",1350000,57.6,60.6,0,14,26643099,1,0,"SXG","FK","SPX",1,"CBOE S&P 500 INDEX","I","E",1
"545833",108105,20050915,"SXG.FO",0,20070616,NA,"C",1375000,48,51,0,0,26791868,1,0,"SXG","FO","SPX",1,"CBOE S&P 500 INDEX","I","E",1
"545834",108105,20050915,"SXG.FR",0,20070616,20050817,"C",1000000,281.3,284.3,0,1,26643098,1,0,"SXG","FR","SPX",1,"CBOE S&P 500 INDEX","I","E",1
"545835",108105,20050915,"SXG.FS",0,20070616,20050901,"C",1450000,25.6,28.6,0,60,26643100,1,0,"SXG","FS","SPX",1,"CBOE S&P 500 INDEX","I","E",1
"545836",108105,20050915,"SXG.FT",0,20070616,20050803,"C",1100000,204.6,207.6,0,1008,26643093,1,0,"SXG","FT","SPX",1,"CBOE S&P 500 INDEX","I","E",1
"545837",108105,20050915,"SXG.FU",0,20070616,20050915,"C",1200000,136.5,139.5,500,3663,26643092,1,0,"SXG","FU","SPX",1,"CBOE S&P 500 INDEX","I","E",1
"545838",108105,20050915,"SXG.FV",0,20070616,20050912,"C",1250000,106.5,109.5,0,2263,26643094,1,0,"SXG","FV","SPX",1,"CBOE S&P 500 INDEX","I","E",1
"545839",108105,20050915,"SXG.FW",0,20070616,20050915,"C",1300000,80,83,50,1394,26643096,1,0,"SXG","FW","SPX",1,"CBOE S&P 500 INDEX","I","E",1
"545840",108105,20050915,"SXG.FY",0,20070616,20050810,"C",1150000,169.3,172.3,0,55,26643108,1,0,"SXG","FY","SPX",1,"CBOE S&P 500 INDEX","I","E",1
"545841",108105,20050915,"SXG.LA",0,20061216,20050907,"C",1400000,21.2,24.2,0,15467,23948246,1,0,"SXG","LA","SPX",1,"CBOE S&P 500 INDEX","I","E",1
"545842",108105,20050915,"SXG.LB",0,20061216,20050908,"C",1225000,97.4,100.4,0,18477,23957572,1,0,"SXG","LB","SPX",1,"CBOE S&P 500 INDEX","I","E",1
"545843",108105,20050915,"SXG.LC",0,20061216,20050802,"C",1125000,165.3,168.3,0,459,23956560,1,0,"SXG","LC","SPX",1,"CBOE S&P 500 INDEX","I","E",1
"545844",108105,20050915,"SXG.LD",0,20061216,20050812,"C",1175000,129.7,132.7,0,6651,23956557,1,0,"SXG","LD","SPX",1,"CBOE S&P 500 INDEX","I","E",1
"545845",108105,20050915,"SXG.LJ",0,20061216,20050831,"C",1050000,223.5,226.5,0,2010,23948237,1,0,"SXG","LJ","SPX",1,"CBOE S&P 500 INDEX","I","E",1
"545846",108105,20050915,"SXG.LK",0,20061216,20050914,"C",1350000,36.2,38,0,8482,23948240,1,0,"SXG","LK","SPX",1,"CBOE S&P 500 INDEX","I","E",1
"545847",108105,20050915,"SXG.LN",0,20061216,20050908,"C",1275000,69,72,0,134,23957571,1,0,"SXG","LN","SPX",1,"CBOE S&P 500 INDEX","I","E",1
"545848",108105,20050915,"SXG.LR",0,20061216,20050721,"C",1000000,264.7,267.7,0,214,24493761,1,0,"SXG","LR","SPX",1,"CBOE S&P 500 INDEX","I","E",1
"545849",108105,20050915,"SXG.LS",0,20061216,20050908,"C",1450000,11.5,13.5,0,3898,23948248,1,0,"SXG","LS","SPX",1,"CBOE S&P 500 INDEX","I","E",1
"545850",108105,20050915,"SXG.LT",0,20061216,20050809,"C",1100000,184.2,187.2,0,733,23948235,1,0,"SXG","LT","SPX",1,"CBOE S&P 500 INDEX","I","E",1
"545851",108105,20050915,"SXG.LU",0,20061216,20050906,"C",1200000,113.1,116.1,0,23541,23948238,1,0,"SXG","LU","SPX",1,"CBOE S&P 500 INDEX","I","E",1
"545852",108105,20050915,"SXG.LV",0,20061216,20050914,"C",1250000,82.6,85.6,0,9086,23948244,1,0,"SXG","LV","SPX",1,"CBOE S&P 500 INDEX","I","E",1
"545853",108105,20050915,"SXG.LW",0,20061216,20050906,"C",1300000,56.7,59.7,0,5252,23948245,1,0,"SXG","LW","SPX",1,"CBOE S&P 500 INDEX","I","E",1
"545854",108105,20050915,"SXG.LX",0,20061216,NA,"C",1025000,243.9,246.9,0,0,26166757,1,0,"SXG","LX","SPX",1,"CBOE S&P 500 INDEX","I","E",1
"545855",108105,20050915,"SXG.LY",0,20061216,20050711,"C",1150000,147.1,150.1,0,12455,23948253,1,0,"SXG","LY","SPX",1,"CBOE S&P 500 INDEX","I","E",1
"545856",108105,20050915,"SXG.LZ",0,20061216,20050915,"C",1005000,260.5,263.5,5,17,23948252,1,0,"SXG","LZ","SPX",1,"CBOE S&P 500 INDEX","I","E",1
"545857",108105,20050915,"SXG.RA",0,20070616,20050829,"P",1400000,153.7,156.7,0,1076,26643101,1,0,"SXG","RA","SPX",1,"CBOE S&P 500 INDEX","I","E",1
"545858",108105,20050915,"SXG.RB",0,20070616,20050915,"P",1225000,72.8,75.8,170,6885,26643104,1,0,"SXG","RB","SPX",1,"CBOE S&P 500 INDEX","I","E",1
"545859",108105,20050915,"SXG.RD",0,20070616,NA,"P",1175000,57.9,60.9,0,0,29067409,1,0,"SXG","RD","SPX",1,"CBOE S&P 500 INDEX","I","E",1
"545860",108105,20050915,"SXG.RJ",0,20070616,20050912,"P",1050000,31.2,34.2,0,282,26643110,1,0,"SXG","RJ","SPX",1,"CBOE S&P 500 INDEX","I","E",1
"545861",108105,20050915,"SXG.RK",0,20070616,20050913,"P",1350000,125.3,128.3,0,562,26643113,1,0,"SXG","RK","SPX",1,"CBOE S&P 500 INDEX","I","E",1
"545862",108105,20050915,"SXG.RO",0,20070616,20050830,"P",1375000,138.9,141.9,0,230,26791869,1,0,"SXG","RO","SPX",1,"CBOE S&P 500 INDEX","I","E",1
"545863",108105,20050915,"SXG.RR",0,20070616,20050909,"P",1000000,23.9,26.9,0,1623,26643103,1,0,"SXG","RR","SPX",1,"CBOE S&P 500 INDEX","I","E",1
"545864",108105,20050915,"SXG.RS",0,20070616,20050915,"P",1450000,186.2,189.2,12,410,26643111,1,0,"SXG","RS","SPX",1,"CBOE S&P 500 INDEX","I","E",1
"545865",108105,20050915,"SXG.RT",0,20070616,20050915,"P",1100000,40.3,43.3,5095,6305,26643097,1,0,"SXG","RT","SPX",1,"CBOE S&P 500 INDEX","I","E",1
"545866",108105,20050915,"SXG.RU",0,20070616,20050913,"P",1200000,65,68,0,3958,26643109,1,0,"SXG","RU","SPX",1,"CBOE S&P 500 INDEX","I","E",1
"545867",108105,20050915,"SXG.RV",0,20070616,20050915,"P",1250000,81.4,84.4,110,7601,26643107,1,0,"SXG","RV","SPX",1,"CBOE S&P 500 INDEX","I","E",1
"545868",108105,20050915,"SXG.RW",0,20070616,20050913,"P",1300000,101.3,104.3,0,667,26643105,1,0,"SXG","RW","SPX",1,"CBOE S&P 500 INDEX","I","E",1
"545869",108105,20050915,"SXG.RY",0,20070616,20050909,"P",1150000,51.4,54.4,0,638,26643102,1,0,"SXG","RY","SPX",1,"CBOE S&P 500 INDEX","I","E",1
"545870",108105,20050915,"SXG.XA",0,20061216,20050912,"P",1400000,152.2,155.2,0,6179,23948249,1,0,"SXG","XA","SPX",1,"CBOE S&P 500 INDEX","I","E",1
"545871",108105,20050915,"SXG.XB",0,20061216,20050908,"P",1225000,62.3,65.3,0,15900,23957576,1,0,"SXG","XB","SPX",1,"CBOE S&P 500 INDEX","I","E",1
"545872",108105,20050915,"SXG.XC",0,20061216,20050818,"P",1125000,35.4,38.4,0,7844,23956558,1,0,"SXG","XC","SPX",1,"CBOE S&P 500 INDEX","I","E",1
"545873",108105,20050915,"SXG.XD",0,20061216,20050915,"P",1175000,47.2,50.2,340,8602,23956559,1,0,"SXG","XD","SPX",1,"CBOE S&P 500 INDEX","I","E",1
"545874",108105,20050915,"SXG.XJ",0,20061216,20050915,"P",1050000,22.5,25.5,12,14446,23948241,1,0,"SXG","XJ","SPX",1,"CBOE S&P 500 INDEX","I","E",1
"545875",108105,20050915,"SXG.XK",0,20061216,20050909,"P",1350000,119.8,122.8,0,1095,23948236,1,0,"SXG","XK","SPX",1,"CBOE S&P 500 INDEX","I","E",1
"545876",108105,20050915,"SXG.XN",0,20061216,20050909,"P",1275000,81.4,84.4,0,242,23957573,1,0,"SXG","XN","SPX",1,"CBOE S&P 500 INDEX","I","E",1
"545877",108105,20050915,"SXG.XR",0,20061216,20050902,"P",1000000,16.8,18.8,0,4936,24493760,1,0,"SXG","XR","SPX",1,"CBOE S&P 500 INDEX","I","E",1
"545878",108105,20050915,"SXG.XS",0,20061216,20050829,"P",1450000,189.5,192.5,0,251,23948239,1,0,"SXG","XS","SPX",1,"CBOE S&P 500 INDEX","I","E",1
"545879",108105,20050915,"SXG.XT",0,20061216,20050915,"P",1100000,30.5,33.5,900,19387,23948243,1,0,"SXG","XT","SPX",1,"CBOE S&P 500 INDEX","I","E",1
"545880",108105,20050915,"SXG.XU",0,20061216,20050915,"P",1200000,54.3,57.3,55,30190,23948234,1,0,"SXG","XU","SPX",1,"CBOE S&P 500 INDEX","I","E",1
"545881",108105,20050915,"SXG.XV",0,20061216,20050914,"P",1250000,71.3,74.3,0,3775,23948242,1,0,"SXG","XV","SPX",1,"CBOE S&P 500 INDEX","I","E",1
"545882",108105,20050915,"SXG.XW",0,20061216,20050912,"P",1300000,92.8,95.8,0,1514,23948247,1,0,"SXG","XW","SPX",1,"CBOE S&P 500 INDEX","I","E",1
"545883",108105,20050915,"SXG.XX",0,20061216,20050906,"P",1025000,19.7,21.7,0,360,26166758,1,0,"SXG","XX","SPX",1,"CBOE S&P 500 INDEX","I","E",1
"545884",108105,20050915,"SXG.XY",0,20061216,20050915,"P",1150000,41,44,25,19407,23948250,1,0,"SXG","XY","SPX",1,"CBOE S&P 500 INDEX","I","E",1
"545885",108105,20050915,"SXG.XZ",0,20061216,20050826,"P",1005000,17.3,19.3,0,710,23948251,1,0,"SXG","XZ","SPX",1,"CBOE S&P 500 INDEX","I","E",1
"545886",108105,20050915,"SXM.FT",0,20060617,20050831,"C",1500000,0.55,1.05,0,9307,21583375,1,0,"SXM","FT","SPX",1,"CBOE S&P 500 INDEX","I","E",1
"545887",108105,20050915,"SXM.IT",0,20050917,20050915,"C",1500000,0,0.05,9150,38940,22455555,1,0,"SXM","IT","SPX",1,"CBOE S&P 500 INDEX","I","E",1
"545888",108105,20050915,"SXM.LT",0,20051217,20050915,"C",1500000,0,0.5,4775,19590,21583374,1,0,"SXM","LT","SPX",1,"CBOE S&P 500 INDEX","I","E",1
"545889",108105,20050915,"SXM.RT",0,20060617,20050822,"P",1500000,244.6,246.6,0,1222,21583373,1,0,"SXM","RT","SPX",1,"CBOE S&P 500 INDEX","I","E",1
"545890",108105,20050915,"SXM.UT",0,20050917,20050915,"P",1500000,271.2,273.2,4650,38622,22455556,1,0,"SXM","UT","SPX",1,"CBOE S&P 500 INDEX","I","E",1
"545891",108105,20050915,"SXM.XT",0,20051217,20050915,"P",1500000,262.5,264.5,9350,22270,21583372,1,0,"SXM","XT","SPX",1,"CBOE S&P 500 INDEX","I","E",1
"545892",108105,20050915,"SXY.CE",0,20060318,20050913,"C",1325000,11.3,12.5,0,20961,24493764,1,0,"SXY","CE","SPX",1,"CBOE S&P 500 INDEX","I","E",1
"545893",108105,20050915,"SXY.CJ",0,20060318,20050915,"C",1350000,6.6,7.6,55,12497,24469451,1,0,"SXY","CJ","SPX",1,"CBOE S&P 500 INDEX","I","E",1
"545894",108105,20050915,"SXY.CT",0,20060318,20050915,"C",1300000,18.5,20.1,76,23948,24469452,1,0,"SXY","CT","SPX",1,"CBOE S&P 500 INDEX","I","E",1
"545895",108105,20050915,"SXY.FE",0,20060617,20050915,"C",1325000,22.9,24.9,25,10950,21583605,1,0,"SXY","FE","SPX",1,"CBOE S&P 500 INDEX","I","E",1
"545896",108105,20050915,"SXY.FH",0,20060617,20050915,"C",1375000,10.4,12,75,1825,31803487,1,0,"SXY","FH","SPX",1,"CBOE S&P 500 INDEX","I","E",1
"545897",108105,20050915,"SXY.FJ",0,20060617,20050915,"C",1350000,15.9,17.5,600,24357,21576386,1,0,"SXY","FJ","SPX",1,"CBOE S&P 500 INDEX","I","E",1
"545898",108105,20050915,"SXY.FT",0,20060617,20050915,"C",1300000,32.1,34.1,650,18698,21576393,1,0,"SXY","FT","SPX",1,"CBOE S&P 500 INDEX","I","E",1
"545899",108105,20050915,"SXY.IB",0,20050917,20050909,"C",1310000,0,0.05,0,2550,28304800,1,0,"SXY","IB","SPX",1,"CBOE S&P 500 INDEX","I","E",1
"545900",108105,20050915,"SXY.IE",0,20050917,20050907,"C",1325000,0,0.05,0,50031,22586027,1,0,"SXY","IE","SPX",1,"CBOE S&P 500 INDEX","I","E",1
"545901",108105,20050915,"SXY.IH",0,20050917,20050810,"C",1375000,0,0.05,0,2405,23813096,1,0,"SXY","IH","SPX",1,"CBOE S&P 500 INDEX","I","E",1
"545902",108105,20050915,"SXY.IJ",0,20050917,20050902,"C",1350000,0,0.05,0,48351,22586031,1,0,"SXY","IJ","SPX",1,"CBOE S&P 500 INDEX","I","E",1
"545903",108105,20050915,"SXY.IT",0,20050917,20050912,"C",1300000,0,0.05,0,120606,22586030,1,0,"SXY","IT","SPX",1,"CBOE S&P 500 INDEX","I","E",1
"545904",108105,20050915,"SXY.JA",0,20051022,20050915,"C",1305000,0.1,0.5,24,50,29805794,1,0,"SXY","JA","SPX",1,"CBOE S&P 500 INDEX","I","E",1
"545905",108105,20050915,"SXY.JB",0,20051022,20050915,"C",1310000,0.1,0.5,130,399,29437921,1,0,"SXY","JB","SPX",1,"CBOE S&P 500 INDEX","I","E",1
"545906",108105,20050915,"SXY.JE",0,20051022,20050915,"C",1325000,0.05,0.2,1655,5526,27261452,1,0,"SXY","JE","SPX",1,"CBOE S&P 500 INDEX","I","E",1
"545907",108105,20050915,"SXY.JH",0,20051022,20050912,"C",1375000,0,0.5,0,6,27265242,1,0,"SXY","JH","SPX",1,"CBOE S&P 500 INDEX","I","E",1
"545908",108105,20050915,"SXY.JJ",0,20051022,20050915,"C",1350000,0.05,0.25,3,11591,27261451,1,0,"SXY","JJ","SPX",1,"CBOE S&P 500 INDEX","I","E",1
"545909",108105,20050915,"SXY.JT",0,20051022,20050915,"C",1300000,0.3,0.45,1446,19193,27261449,1,0,"SXY","JT","SPX",1,"CBOE S&P 500 INDEX","I","E",1
"545910",108105,20050915,"SXY.KE",0,20051119,20050915,"C",1325000,0.35,0.85,10,3277,28696480,1,0,"SXY","KE","SPX",1,"CBOE S&P 500 INDEX","I","E",1
"545911",108105,20050915,"SXY.KH",0,20051119,20050823,"C",1375000,0,0.35,0,51,28696483,1,0,"SXY","KH","SPX",1,"CBOE S&P 500 INDEX","I","E",1
"545912",108105,20050915,"SXY.KJ",0,20051119,20050915,"C",1350000,0.1,0.35,106,2051,28696476,1,0,"SXY","KJ","SPX",1,"CBOE S&P 500 INDEX","I","E",1
"545913",108105,20050915,"SXY.KT",0,20051119,20050915,"C",1300000,1.8,2.6,21,8236,28696481,1,0,"SXY","KT","SPX",1,"CBOE S&P 500 INDEX","I","E",1
"545914",108105,20050915,"SXY.LE",0,20051217,20050915,"C",1325000,2.2,2.9,1,29335,21272291,1,0,"SXY","LE","SPX",1,"CBOE S&P 500 INDEX","I","E",1
"545915",108105,20050915,"SXY.LH",0,20051217,20050915,"C",1375000,0.25,0.65,10,12230,23784801,1,0,"SXY","LH","SPX",1,"CBOE S&P 500 INDEX","I","E",1
"545916",108105,20050915,"SXY.LJ",0,20051217,20050914,"C",1350000,0.6,1.1,0,31135,21271709,1,0,"SXY","LJ","SPX",1,"CBOE S&P 500 INDEX","I","E",1
"545917",108105,20050915,"SXY.LT",0,20051217,20050915,"C",1300000,5.3,6.1,104,51465,21271713,1,0,"SXY","LT","SPX",1,"CBOE S&P 500 INDEX","I","E",1
"545918",108105,20050915,"SXY.OE",0,20060318,20050912,"P",1325000,94.1,96.1,0,264,24493765,1,0,"SXY","OE","SPX",1,"CBOE S&P 500 INDEX","I","E",1
"545919",108105,20050915,"SXY.OJ",0,20060318,20050915,"P",1350000,113.6,115.6,10,242,24469449,1,0,"SXY","OJ","SPX",1,"CBOE S&P 500 INDEX","I","E",1
"545920",108105,20050915,"SXY.OT",0,20060318,20050912,"P",1300000,76.8,78.8,0,282,24469450,1,0,"SXY","OT","SPX",1,"CBOE S&P 500 INDEX","I","E",1
"545921",108105,20050915,"SXY.RE",0,20060617,20050909,"P",1325000,98.1,100.1,0,109,21583603,1,0,"SXY","RE","SPX",1,"CBOE S&P 500 INDEX","I","E",1
"545922",108105,20050915,"SXY.RH",0,20060617,20050822,"P",1375000,133.8,135.8,0,200,31803486,1,0,"SXY","RH","SPX",1,"CBOE S&P 500 INDEX","I","E",1
"545923",108105,20050915,"SXY.RJ",0,20060617,20050913,"P",1350000,115.1,117.1,0,2160,21576388,1,0,"SXY","RJ","SPX",1,"CBOE S&P 500 INDEX","I","E",1
"545924",108105,20050915,"SXY.RT",0,20060617,20050906,"P",1300000,83,85,0,3974,21576396,1,0,"SXY","RT","SPX",1,"CBOE S&P 500 INDEX","I","E",1
"545925",108105,20050915,"SXY.UB",0,20050917,NA,"P",1310000,81.3,83.3,0,0,28304801,1,0,"SXY","UB","SPX",1,"CBOE S&P 500 INDEX","I","E",1
"545926",108105,20050915,"SXY.UE",0,20050917,20050914,"P",1325000,96.3,98.3,0,111,22586029,1,0,"SXY","UE","SPX",1,"CBOE S&P 500 INDEX","I","E",1
"545927",108105,20050915,"SXY.UH",0,20050917,20050323,"P",1375000,146.3,148.3,0,27,23813093,1,0,"SXY","UH","SPX",1,"CBOE S&P 500 INDEX","I","E",1
"545928",108105,20050915,"SXY.UJ",0,20050917,20050915,"P",1350000,121.3,123.3,100,484,22586032,1,0,"SXY","UJ","SPX",1,"CBOE S&P 500 INDEX","I","E",1
"545929",108105,20050915,"SXY.UT",0,20050917,20050915,"P",1300000,71.3,73.3,22,3436,22586028,1,0,"SXY","UT","SPX",1,"CBOE S&P 500 INDEX","I","E",1
"545930",108105,20050915,"SXY.VA",0,20051022,NA,"P",1305000,73.4,75.4,0,0,29805795,1,0,"SXY","VA","SPX",1,"CBOE S&P 500 INDEX","I","E",1
"545931",108105,20050915,"SXY.VB",0,20051022,NA,"P",1310000,78.3,80.3,0,0,29437922,1,0,"SXY","VB","SPX",1,"CBOE S&P 500 INDEX","I","E",1
"545932",108105,20050915,"SXY.VE",0,20051022,20050908,"P",1325000,93.1,95.1,0,12,27261453,1,0,"SXY","VE","SPX",1,"CBOE S&P 500 INDEX","I","E",1
"545933",108105,20050915,"SXY.VH",0,20051022,NA,"P",1375000,142.9,144.9,0,0,27265243,1,0,"SXY","VH","SPX",1,"CBOE S&P 500 INDEX","I","E",1
"545934",108105,20050915,"SXY.VJ",0,20051022,20050913,"P",1350000,118,120,0,621,27261450,1,0,"SXY","VJ","SPX",1,"CBOE S&P 500 INDEX","I","E",1
"545935",108105,20050915,"SXY.VT",0,20051022,20050915,"P",1300000,68.5,70.5,24,1093,27261448,1,0,"SXY","VT","SPX",1,"CBOE S&P 500 INDEX","I","E",1
"545936",108105,20050915,"SXY.WE",0,20051119,NA,"P",1325000,92.1,94.1,0,0,28696478,1,0,"SXY","WE","SPX",1,"CBOE S&P 500 INDEX","I","E",1
"545937",108105,20050915,"SXY.WH",0,20051119,NA,"P",1375000,141.2,143.2,0,0,28696479,1,0,"SXY","WH","SPX",1,"CBOE S&P 500 INDEX","I","E",1
"545938",108105,20050915,"SXY.WJ",0,20051119,NA,"P",1350000,116.4,118.4,0,0,28696477,1,0,"SXY","WJ","SPX",1,"CBOE S&P 500 INDEX","I","E",1
"545939",108105,20050915,"SXY.WT",0,20051119,NA,"P",1300000,69,71,0,0,28696482,1,0,"SXY","WT","SPX",1,"CBOE S&P 500 INDEX","I","E",1
"545940",108105,20050915,"SXY.XE",0,20051217,20050913,"P",1325000,91.5,93.5,0,110,21272292,1,0,"SXY","XE","SPX",1,"CBOE S&P 500 INDEX","I","E",1
"545941",108105,20050915,"SXY.XH",0,20051217,20050414,"P",1375000,138.9,140.9,0,4,23784804,1,0,"SXY","XH","SPX",1,"CBOE S&P 500 INDEX","I","E",1
"545942",108105,20050915,"SXY.XJ",0,20051217,20050915,"P",1350000,114.7,116.7,100,1993,21271718,1,0,"SXY","XJ","SPX",1,"CBOE S&P 500 INDEX","I","E",1
"545943",108105,20050915,"SXY.XT",0,20051217,20050915,"P",1300000,70.2,72.2,55,11190,21271722,1,0,"SXY","XT","SPX",1,"CBOE S&P 500 INDEX","I","E",1
"545944",108105,20050915,"SXZ.CJ",0,20060318,20050906,"C",1450000,0.35,0.85,0,8076,24486596,1,0,"SXZ","CJ","SPX",1,"CBOE S&P 500 INDEX","I","E",1
"545945",108105,20050915,"SXZ.CT",0,20060318,20050913,"C",1400000,1.85,2.35,0,20742,24486599,1,0,"SXZ","CT","SPX",1,"CBOE S&P 500 INDEX","I","E",1
"545946",108105,20050915,"SXZ.FJ",0,20060617,20050908,"C",1450000,2.2,3,0,3157,21756725,1,0,"SXZ","FJ","SPX",1,"CBOE S&P 500 INDEX","I","E",1
"545947",108105,20050915,"SXZ.FT",0,20060617,20050915,"C",1400000,6.7,7.7,50,5606,22166751,1,0,"SXZ","FT","SPX",1,"CBOE S&P 500 INDEX","I","E",1
"545948",108105,20050915,"SXZ.IE",0,20050917,20050801,"C",1425000,0,0.05,0,163,23813097,1,0,"SXZ","IE","SPX",1,"CBOE S&P 500 INDEX","I","E",1
"545949",108105,20050915,"SXZ.IJ",0,20050917,20050531,"C",1450000,0,0.05,0,85,23813107,1,0,"SXZ","IJ","SPX",1,"CBOE S&P 500 INDEX","I","E",1
"545950",108105,20050915,"SXZ.IO",0,20050917,NA,"C",1475000,0,0.05,0,0,23813099,1,0,"SXZ","IO","SPX",1,"CBOE S&P 500 INDEX","I","E",1
"545951",108105,20050915,"SXZ.IT",0,20050917,20050805,"C",1400000,0,0.05,0,22860,23785630,1,0,"SXZ","IT","SPX",1,"CBOE S&P 500 INDEX","I","E",1
"545952",108105,20050915,"SXZ.LE",0,20051217,20050902,"C",1425000,0.05,0.5,0,13218,23786179,1,0,"SXZ","LE","SPX",1,"CBOE S&P 500 INDEX","I","E",1
"545953",108105,20050915,"SXZ.LJ",0,20051217,20050826,"C",1450000,0,0.5,0,480,23786175,1,0,"SXZ","LJ","SPX",1,"CBOE S&P 500 INDEX","I","E",1
"545954",108105,20050915,"SXZ.LO",0,20051217,20050114,"C",1475000,0,0.5,0,250,23786174,1,0,"SXZ","LO","SPX",1,"CBOE S&P 500 INDEX","I","E",1
"545955",108105,20050915,"SXZ.LT",0,20051217,20050914,"C",1400000,0.1,0.5,0,31649,21271707,1,0,"SXZ","LT","SPX",1,"CBOE S&P 500 INDEX","I","E",1
"545956",108105,20050915,"SXZ.OJ",0,20060318,20050913,"P",1450000,204.9,206.9,0,4632,24486597,1,0,"SXZ","OJ","SPX",1,"CBOE S&P 500 INDEX","I","E",1
"545957",108105,20050915,"SXZ.OT",0,20060318,20050728,"P",1400000,157.4,159.4,0,216,24486598,1,0,"SXZ","OT","SPX",1,"CBOE S&P 500 INDEX","I","E",1
"545958",108105,20050915,"SXZ.RJ",0,20060617,20050822,"P",1450000,198,200,0,269,21756726,1,0,"SXZ","RJ","SPX",1,"CBOE S&P 500 INDEX","I","E",1
"545959",108105,20050915,"SXZ.RT",0,20060617,20050907,"P",1400000,154.1,156.1,0,4552,22166750,1,0,"SXZ","RT","SPX",1,"CBOE S&P 500 INDEX","I","E",1
"545960",108105,20050915,"SXZ.UE",0,20050917,NA,"P",1425000,196.3,198.3,0,0,23813100,1,0,"SXZ","UE","SPX",1,"CBOE S&P 500 INDEX","I","E",1
"545961",108105,20050915,"SXZ.UJ",0,20050917,NA,"P",1450000,221.3,223.3,0,0,23813108,1,0,"SXZ","UJ","SPX",1,"CBOE S&P 500 INDEX","I","E",1
"545962",108105,20050915,"SXZ.UO",0,20050917,NA,"P",1475000,246.3,248.3,0,0,23813103,1,0,"SXZ","UO","SPX",1,"CBOE S&P 500 INDEX","I","E",1
"545963",108105,20050915,"SXZ.UT",0,20050917,20050915,"P",1400000,171.3,173.3,1,2502,23785631,1,0,"SXZ","UT","SPX",1,"CBOE S&P 500 INDEX","I","E",1
"545964",108105,20050915,"SXZ.XE",0,20051217,NA,"P",1425000,188.3,190.3,0,0,23786176,1,0,"SXZ","XE","SPX",1,"CBOE S&P 500 INDEX","I","E",1
"545965",108105,20050915,"SXZ.XJ",0,20051217,20050104,"P",1450000,213,215,0,10,23786178,1,0,"SXZ","XJ","SPX",1,"CBOE S&P 500 INDEX","I","E",1
"545966",108105,20050915,"SXZ.XO",0,20051217,NA,"P",1475000,237.8,239.8,0,0,23786177,1,0,"SXZ","XO","SPX",1,"CBOE S&P 500 INDEX","I","E",1
"545967",108105,20050915,"SXZ.XT",0,20051217,20050914,"P",1400000,163.5,165.5,0,4294,21271716,1,0,"SXZ","XT","SPX",1,"CBOE S&P 500 INDEX","I","E",1
"545968",108105,20050915,"SYF.FJ",0,20060617,20041015,"C",550000,675.4,677.4,0,1,22166747,1,0,"SYF","FJ","SPX",1,"CBOE S&P 500 INDEX","I","E",1
"545969",108105,20050915,"SYF.FT",0,20060617,20050830,"C",500000,723.8,725.8,0,118,21577201,1,0,"SYF","FT","SPX",1,"CBOE S&P 500 INDEX","I","E",1
"545970",108105,20050915,"SYF.IT",0,20050917,20050915,"C",500000,726.5,728.5,9300,37790,25078321,1,0,"SYF","IT","SPX",1,"CBOE S&P 500 INDEX","I","E",1
"545971",108105,20050915,"SYF.LJ",0,20051217,NA,"C",550000,676.1,678.1,0,0,22166745,1,0,"SYF","LJ","SPX",1,"CBOE S&P 500 INDEX","I","E",1
"545972",108105,20050915,"SYF.LT",0,20051217,20050915,"C",500000,725.6,727.6,4700,17082,81359681,1,0,"SYF","LT","SPX",1,"CBOE S&P 500 INDEX","I","E",1
"545973",108105,20050915,"SYF.RJ",0,20060617,20050812,"P",550000,0.1,0.5,0,251,22166748,1,0,"SYF","RJ","SPX",1,"CBOE S&P 500 INDEX","I","E",1
"545974",108105,20050915,"SYF.RT",0,20060617,20050914,"P",500000,0.05,0.5,0,19455,21577200,1,0,"SYF","RT","SPX",1,"CBOE S&P 500 INDEX","I","E",1
"545975",108105,20050915,"SYF.UT",0,20050917,20050915,"P",500000,0,0.05,9150,37990,25078320,1,0,"SYF","UT","SPX",1,"CBOE S&P 500 INDEX","I","E",1
"545976",108105,20050915,"SYF.XJ",0,20051217,20050721,"P",550000,0,0.05,0,695,22166749,1,0,"SYF","XJ","SPX",1,"CBOE S&P 500 INDEX","I","E",1
"545977",108105,20050915,"SYF.XT",0,20051217,20050915,"P",500000,0,0.05,4775,27505,81359682,1,0,"SYF","XT","SPX",1,"CBOE S&P 500 INDEX","I","E",1
"545978",108105,20050915,"SYG.FJ",0,20060617,NA,"C",650000,578.6,580.6,0,0,23386907,1,0,"SYG","FJ","SPX",1,"CBOE S&P 500 INDEX","I","E",1
"545979",108105,20050915,"SYG.FT",0,20060617,20050308,"C",600000,626.9,628.9,0,82,21577198,1,0,"SYG","FT","SPX",1,"CBOE S&P 500 INDEX","I","E",1
"545980",108105,20050915,"SYG.IJ",0,20050917,NA,"C",650000,576.6,578.6,0,0,22450577,1,0,"SYG","IJ","SPX",1,"CBOE S&P 500 INDEX","I","E",1
"545981",108105,20050915,"SYG.IT",0,20050917,20050523,"C",600000,626.6,628.6,0,2301,22450576,1,0,"SYG","IT","SPX",1,"CBOE S&P 500 INDEX","I","E",1
"545982",108105,20050915,"SYG.LJ",0,20051217,NA,"C",650000,577.1,579.1,0,0,25692117,1,0,"SYG","LJ","SPX",1,"CBOE S&P 500 INDEX","I","E",1
"545983",108105,20050915,"SYG.LT",0,20051217,20050809,"C",600000,626.6,628.6,0,22,81359683,1,0,"SYG","LT","SPX",1,"CBOE S&P 500 INDEX","I","E",1
"545984",108105,20050915,"SYG.RJ",0,20060617,20050811,"P",650000,0,0.5,0,1855,23386906,1,0,"SYG","RJ","SPX",1,"CBOE S&P 500 INDEX","I","E",1
"545985",108105,20050915,"SYG.RT",0,20060617,20050714,"P",600000,0.1,0.5,0,3563,21577199,1,0,"SYG","RT","SPX",1,"CBOE S&P 500 INDEX","I","E",1
"545986",108105,20050915,"SYG.UJ",0,20050917,20050623,"P",650000,0,0.05,0,75,22450578,1,0,"SYG","UJ","SPX",1,"CBOE S&P 500 INDEX","I","E",1
"545987",108105,20050915,"SYG.UT",0,20050917,20050810,"P",600000,0,0.05,0,3541,22450579,1,0,"SYG","UT","SPX",1,"CBOE S&P 500 INDEX","I","E",1
"545988",108105,20050915,"SYG.XJ",0,20051217,20050510,"P",650000,0,0.1,0,2000,25692116,1,0,"SYG","XJ","SPX",1,"CBOE S&P 500 INDEX","I","E",1
"545989",108105,20050915,"SYG.XT",0,20051217,20050902,"P",600000,0,0.05,0,41310,81359684,1,0,"SYG","XT","SPX",1,"CBOE S&P 500 INDEX","I","E",1
"545990",108105,20050915,"SYZ.FJ",0,20070616,20050901,"C",1550000,9.4,11,0,6,26643119,1,0,"SYZ","FJ","SPX",1,"CBOE S&P 500 INDEX","I","E",1
"545991",108105,20050915,"SYZ.FO",0,20070616,20050906,"C",1600000,5.2,6.8,0,5515,26643120,1,0,"SYZ","FO","SPX",1,"CBOE S&P 500 INDEX","I","E",1
"545992",108105,20050915,"SYZ.FT",0,20070616,20050901,"C",1500000,16.1,18.1,0,1945,26643116,1,0,"SYZ","FT","SPX",1,"CBOE S&P 500 INDEX","I","E",1
"545993",108105,20050915,"SYZ.LJ",0,20061216,20050912,"C",1550000,2.5,3.5,0,4752,23948764,1,0,"SYZ","LJ","SPX",1,"CBOE S&P 500 INDEX","I","E",1
"545994",108105,20050915,"SYZ.LO",0,20061216,20050915,"C",1600000,1.25,2.05,84,32002,23948255,1,0,"SYZ","LO","SPX",1,"CBOE S&P 500 INDEX","I","E",1
"545995",108105,20050915,"SYZ.LT",0,20061216,20050912,"C",1500000,5.5,7.1,0,11680,23948257,1,0,"SYZ","LT","SPX",1,"CBOE S&P 500 INDEX","I","E",1
"545996",108105,20050915,"SYZ.RJ",0,20070616,NA,"P",1550000,262.1,265.1,0,0,26643118,1,0,"SYZ","RJ","SPX",1,"CBOE S&P 500 INDEX","I","E",1
"545997",108105,20050915,"SYZ.RO",0,20070616,20050902,"P",1600000,304.1,307.1,0,23,26643121,1,0,"SYZ","RO","SPX",1,"CBOE S&P 500 INDEX","I","E",1
"545998",108105,20050915,"SYZ.RT",0,20070616,20050915,"P",1500000,222.6,225.6,7,463,26643117,1,0,"SYZ","RT","SPX",1,"CBOE S&P 500 INDEX","I","E",1
"545999",108105,20050915,"SYZ.XJ",0,20061216,20050804,"P",1550000,274.7,277.7,0,9,23948763,1,0,"SYZ","XJ","SPX",1,"CBOE S&P 500 INDEX","I","E",1
"546000",108105,20050915,"SYZ.XO",0,20061216,20050811,"P",1600000,320.5,323.5,0,1384,23948254,1,0,"SYZ","XO","SPX",1,"CBOE S&P 500 INDEX","I","E",1
"546001",108105,20050915,"SYZ.XT",0,20061216,20050901,"P",1500000,230.7,233.7,0,6448,23948256,1,0,"SYZ","XT","SPX",1,"CBOE S&P 500 INDEX","I","E",1
"546002",108105,20050915,"SZP.CE",0,20060318,20050915,"C",1225000,54.5,56.5,1120,16367,24492214,1,0,"SZP","CE","SPX",1,"CBOE S&P 500 INDEX","I","E",1
"546003",108105,20050915,"SZP.CJ",0,20060318,20050915,"C",1250000,40,42,87,20186,24490575,1,0,"SZP","CJ","SPX",1,"CBOE S&P 500 INDEX","I","E",1
"546004",108105,20050915,"SZP.CO",0,20060318,20050912,"C",1275000,27.9,29.9,0,21033,24492211,1,0,"SZP","CO","SPX",1,"CBOE S&P 500 INDEX","I","E",1
"546005",108105,20050915,"SZP.CT",0,20060318,20050915,"C",1200000,70.9,72.9,1,17751,24490579,1,0,"SZP","CT","SPX",1,"CBOE S&P 500 INDEX","I","E",1
"546006",108105,20050915,"SZP.FE",0,20060617,20050914,"C",1225000,70.6,72.6,0,11443,23292918,1,0,"SZP","FE","SPX",1,"CBOE S&P 500 INDEX","I","E",1
"546007",108105,20050915,"SZP.FJ",0,20060617,20050914,"C",1250000,55.9,57.9,0,14359,21576398,1,0,"SZP","FJ","SPX",1,"CBOE S&P 500 INDEX","I","E",1
"546008",108105,20050915,"SZP.FO",0,20060617,20050908,"C",1275000,43,45,0,6368,23957575,1,0,"SZP","FO","SPX",1,"CBOE S&P 500 INDEX","I","E",1
"546009",108105,20050915,"SZP.FT",0,20060617,20050913,"C",1200000,86.7,88.7,0,18429,21576399,1,0,"SZP","FT","SPX",1,"CBOE S&P 500 INDEX","I","E",1
"546010",108105,20050915,"SZP.IA",0,20050917,20050915,"C",1205000,21.7,23.7,11,21083,26315428,1,0,"SZP","IA","SPX",1,"CBOE S&P 500 INDEX","I","E",1
"546011",108105,20050915,"SZP.IB",0,20050917,20050915,"C",1210000,16.8,18.6,114,17697,26314547,1,0,"SZP","IB","SPX",1,"CBOE S&P 500 INDEX","I","E",1
"546012",108105,20050915,"SZP.IC",0,20050917,20050915,"C",1215000,11.9,13.7,521,13374,26467806,1,0,"SZP","IC","SPX",1,"CBOE S&P 500 INDEX","I","E",1
"546013",108105,20050915,"SZP.ID",0,20050917,20050915,"C",1220000,8,8.8,3354,30381,26635393,1,0,"SZP","ID","SPX",1,"CBOE S&P 500 INDEX","I","E",1
"546014",108105,20050915,"SZP.IE",0,20050917,20050915,"C",1225000,3.9,4.2,12173,124303,22450624,1,0,"SZP","IE","SPX",1,"CBOE S&P 500 INDEX","I","E",1
"546015",108105,20050915,"SZP.IF",0,20050917,20050915,"C",1230000,1.5,2,6357,27370,27091633,1,0,"SZP","IF","SPX",1,"CBOE S&P 500 INDEX","I","E",1
"546016",108105,20050915,"SZP.IG",0,20050917,20050915,"C",1235000,0.35,0.5,9639,31526,27091642,1,0,"SZP","IG","SPX",1,"CBOE S&P 500 INDEX","I","E",1
"546017",108105,20050915,"SZP.IH",0,20050917,20050915,"C",1240000,0.15,0.25,5074,24534,27091637,1,0,"SZP","IH","SPX",1,"CBOE S&P 500 INDEX","I","E",1
"546018",108105,20050915,"SZP.II",0,20050917,20050915,"C",1245000,0.15,0.7,1583,25699,27091630,1,0,"SZP","II","SPX",1,"CBOE S&P 500 INDEX","I","E",1
"546019",108105,20050915,"SZP.IJ",0,20050917,20050915,"C",1250000,0.05,0.1,25254,63742,22450625,1,0,"SZP","IJ","SPX",1,"CBOE S&P 500 INDEX","I","E",1
"546020",108105,20050915,"SZP.IK",0,20050917,20050915,"C",1255000,0,0.1,450,15774,27091629,1,0,"SZP","IK","SPX",1,"CBOE S&P 500 INDEX","I","E",1
"546021",108105,20050915,"SZP.IL",0,20050917,20050915,"C",1260000,0,0.05,611,23954,26315427,1,0,"SZP","IL","SPX",1,"CBOE S&P 500 INDEX","I","E",1
"546022",108105,20050915,"SZP.IM",0,20050917,20050915,"C",1265000,0,0.05,43,14303,27091640,1,0,"SZP","IM","SPX",1,"CBOE S&P 500 INDEX","I","E",1
"546023",108105,20050915,"SZP.IN",0,20050917,20050915,"C",1270000,0,0.05,7,16680,27091635,1,0,"SZP","IN","SPX",1,"CBOE S&P 500 INDEX","I","E",1
"546024",108105,20050915,"SZP.IO",0,20050917,20050914,"C",1275000,0,0.05,0,47408,23386741,1,0,"SZP","IO","SPX",1,"CBOE S&P 500 INDEX","I","E",1
"546025",108105,20050915,"SZP.IP",0,20050917,20050915,"C",1280000,0,0.05,22,15544,27412924,1,0,"SZP","IP","SPX",1,"CBOE S&P 500 INDEX","I","E",1
"546026",108105,20050915,"SZP.IQ",0,20050917,20050915,"C",1285000,0,0.05,10,144998,27934845,1,0,"SZP","IQ","SPX",1,"CBOE S&P 500 INDEX","I","E",1
"546027",108105,20050915,"SZP.IR",0,20050917,20050914,"C",1290000,0,0.05,0,10417,27934849,1,0,"SZP","IR","SPX",1,"CBOE S&P 500 INDEX","I","E",1
"546028",108105,20050915,"SZP.IS",0,20050917,20050913,"C",1295000,0,0.05,0,58760,27934846,1,0,"SZP","IS","SPX",1,"CBOE S&P 500 INDEX","I","E",1
"546029",108105,20050915,"SZP.IT",0,20050917,20050915,"C",1200000,26.7,28.7,6564,86282,22450628,1,0,"SZP","IT","SPX",1,"CBOE S&P 500 INDEX","I","E",1
"546030",108105,20050915,"SZP.JA",0,20051022,20050915,"C",1205000,33.7,35.7,6,356,27564592,1,0,"SZP","JA","SPX",1,"CBOE S&P 500 INDEX","I","E",1
"546031",108105,20050915,"SZP.JB",0,20051022,20050915,"C",1210000,29.9,31.9,16,2907,27563262,1,0,"SZP","JB","SPX",1,"CBOE S&P 500 INDEX","I","E",1
"546032",108105,20050915,"SZP.JC",0,20051022,20050915,"C",1215000,26.2,28.2,2280,1286,27564591,1,0,"SZP","JC","SPX",1,"CBOE S&P 500 INDEX","I","E",1
"546033",108105,20050915,"SZP.JD",0,20051022,20050915,"C",1220000,23.3,24.7,44,3927,28304802,1,0,"SZP","JD","SPX",1,"CBOE S&P 500 INDEX","I","E",1
"546034",108105,20050915,"SZP.JE",0,20051022,20050915,"C",1225000,19.7,20.9,5457,41404,27243441,1,0,"SZP","JE","SPX",1,"CBOE S&P 500 INDEX","I","E",1
"546035",108105,20050915,"SZP.JF",0,20051022,20050915,"C",1230000,16.6,17.7,3099,6816,27564593,1,0,"SZP","JF","SPX",1,"CBOE S&P 500 INDEX","I","E",1
"546036",108105,20050915,"SZP.JG",0,20051022,20050915,"C",1235000,14,15.4,2994,11512,28700076,1,0,"SZP","JG","SPX",1,"CBOE S&P 500 INDEX","I","E",1
"546037",108105,20050915,"SZP.JH",0,20051022,20050915,"C",1240000,11.3,12.6,191,8635,28304025,1,0,"SZP","JH","SPX",1,"CBOE S&P 500 INDEX","I","E",1
"546038",108105,20050915,"SZP.JI",0,20051022,20050915,"C",1245000,9.3,10.3,3738,4633,27567226,1,0,"SZP","JI","SPX",1,"CBOE S&P 500 INDEX","I","E",1
"546039",108105,20050915,"SZP.JJ",0,20051022,20050915,"C",1250000,7.3,7.7,17832,42817,27243440,1,0,"SZP","JJ","SPX",1,"CBOE S&P 500 INDEX","I","E",1
"546040",108105,20050915,"SZP.JK",0,20051022,20050915,"C",1255000,5.6,6.3,29,3718,27567228,1,0,"SZP","JK","SPX",1,"CBOE S&P 500 INDEX","I","E",1
"546041",108105,20050915,"SZP.JL",0,20051022,20050915,"C",1260000,4.3,4.8,425,10371,27567220,1,0,"SZP","JL","SPX",1,"CBOE S&P 500 INDEX","I","E",1
"546042",108105,20050915,"SZP.JM",0,20051022,20050915,"C",1265000,3.1,3.6,557,5630,27567227,1,0,"SZP","JM","SPX",1,"CBOE S&P 500 INDEX","I","E",1
"546043",108105,20050915,"SZP.JN",0,20051022,20050915,"C",1270000,2.3,2.95,754,8566,27567222,1,0,"SZP","JN","SPX",1,"CBOE S&P 500 INDEX","I","E",1
"546044",108105,20050915,"SZP.JO",0,20051022,20050915,"C",1275000,1.6,1.8,2272,23166,27243445,1,0,"SZP","JO","SPX",1,"CBOE S&P 500 INDEX","I","E",1
"546045",108105,20050915,"SZP.JP",0,20051022,20050915,"C",1280000,1.05,1.55,1797,12805,27412927,1,0,"SZP","JP","SPX",1,"CBOE S&P 500 INDEX","I","E",1
"546046",108105,20050915,"SZP.JQ",0,20051022,20050915,"C",1285000,0.75,0.9,1841,7181,27412925,1,0,"SZP","JQ","SPX",1,"CBOE S&P 500 INDEX","I","E",1
"546047",108105,20050915,"SZP.JR",0,20051022,20050915,"C",1290000,0.55,0.6,307,5275,28700077,1,0,"SZP","JR","SPX",1,"CBOE S&P 500 INDEX","I","E",1
"546048",108105,20050915,"SZP.JS",0,20051022,20050915,"C",1295000,0.25,0.65,200,2222,29437923,1,0,"SZP","JS","SPX",1,"CBOE S&P 500 INDEX","I","E",1
"546049",108105,20050915,"SZP.JT",0,20051022,20050915,"C",1200000,37.6,39.6,119,17391,27243444,1,0,"SZP","JT","SPX",1,"CBOE S&P 500 INDEX","I","E",1
"546050",108105,20050915,"SZP.KA",0,20051119,NA,"C",1205000,41.5,43.5,0,0,29805800,1,0,"SZP","KA","SPX",1,"CBOE S&P 500 INDEX","I","E",1
"546051",108105,20050915,"SZP.KB",0,20051119,NA,"C",1210000,37.9,39.9,0,0,29805797,1,0,"SZP","KB","SPX",1,"CBOE S&P 500 INDEX","I","E",1
"546052",108105,20050915,"SZP.KC",0,20051119,NA,"C",1215000,34.5,36.5,0,0,29805801,1,0,"SZP","KC","SPX",1,"CBOE S&P 500 INDEX","I","E",1
"546053",108105,20050915,"SZP.KD",0,20051119,20050908,"C",1220000,31.1,33.1,0,338,28699292,1,0,"SZP","KD","SPX",1,"CBOE S&P 500 INDEX","I","E",1
"546054",108105,20050915,"SZP.KE",0,20051119,20050915,"C",1225000,28.4,29.9,4571,11484,28695451,1,0,"SZP","KE","SPX",1,"CBOE S&P 500 INDEX","I","E",1
"546055",108105,20050915,"SZP.KF",0,20051119,20050915,"C",1230000,24.9,26.9,14,28,29068958,1,0,"SZP","KF","SPX",1,"CBOE S&P 500 INDEX","I","E",1
"546056",108105,20050915,"SZP.KG",0,20051119,20050914,"C",1235000,22,24,0,632,29068961,1,0,"SZP","KG","SPX",1,"CBOE S&P 500 INDEX","I","E",1
"546057",108105,20050915,"SZP.KH",0,20051119,20050915,"C",1240000,19.5,21.1,10,2115,29068959,1,0,"SZP","KH","SPX",1,"CBOE S&P 500 INDEX","I","E",1
"546058",108105,20050915,"SZP.KI",0,20051119,20050913,"C",1245000,17,18.6,0,582,29068962,1,0,"SZP","KI","SPX",1,"CBOE S&P 500 INDEX","I","E",1
"546059",108105,20050915,"SZP.KJ",0,20051119,20050915,"C",1250000,14.7,16.3,110,9601,28695452,1,0,"SZP","KJ","SPX",1,"CBOE S&P 500 INDEX","I","E",1
"546060",108105,20050915,"SZP.KK",0,20051119,20050915,"C",1255000,12.6,14.2,305,211,29438549,1,0,"SZP","KK","SPX",1,"CBOE S&P 500 INDEX","I","E",1
"546061",108105,20050915,"SZP.KO",0,20051119,20050915,"C",1275000,6.3,6.8,137,3253,28695449,1,0,"SZP","KO","SPX",1,"CBOE S&P 500 INDEX","I","E",1
"546062",108105,20050915,"SZP.KT",0,20051119,20050915,"C",1200000,45.2,47.2,10,6471,28695456,1,0,"SZP","KT","SPX",1,"CBOE S&P 500 INDEX","I","E",1
"546063",108105,20050915,"SZP.LE",0,20051217,20050915,"C",1225000,35.4,37.4,4659,40161,22428820,1,0,"SZP","LE","SPX",1,"CBOE S&P 500 INDEX","I","E",1
"546064",108105,20050915,"SZP.LF",0,20051217,20050915,"C",1230000,32.3,34.3,579,863,29438233,1,0,"SZP","LF","SPX",1,"CBOE S&P 500 INDEX","I","E",1
"546065",108105,20050915,"SZP.LG",0,20051217,20050915,"C",1235000,29.4,31.4,8140,2684,29438230,1,0,"SZP","LG","SPX",1,"CBOE S&P 500 INDEX","I","E",1
"546066",108105,20050915,"SZP.LH",0,20051217,20050915,"C",1240000,26.6,28.6,41,14476,29438234,1,0,"SZP","LH","SPX",1,"CBOE S&P 500 INDEX","I","E",1
"546067",108105,20050915,"SZP.LI",0,20051217,20050915,"C",1245000,24,26,4,4333,29438235,1,0,"SZP","LI","SPX",1,"CBOE S&P 500 INDEX","I","E",1
"546068",108105,20050915,"SZP.LJ",0,20051217,20050915,"C",1250000,21.5,23,5825,45070,21271712,1,0,"SZP","LJ","SPX",1,"CBOE S&P 500 INDEX","I","E",1
"546069",108105,20050915,"SZP.LK",0,20051217,20050913,"C",1255000,19.3,20.9,0,1231,27567229,1,0,"SZP","LK","SPX",1,"CBOE S&P 500 INDEX","I","E",1
"546070",108105,20050915,"SZP.LN",0,20051217,20050915,"C",1270000,13.2,14.8,224,3267,29067411,1,0,"SZP","LN","SPX",1,"CBOE S&P 500 INDEX","I","E",1
"546071",108105,20050915,"SZP.LO",0,20051217,20050915,"C",1275000,11.5,13,1,33279,23652385,1,0,"SZP","LO","SPX",1,"CBOE S&P 500 INDEX","I","E",1
"546072",108105,20050915,"SZP.LT",0,20051217,20050915,"C",1200000,52.3,54.3,1619,55346,21271711,1,0,"SZP","LT","SPX",1,"CBOE S&P 500 INDEX","I","E",1
"546073",108105,20050915,"SZP.OE",0,20060318,20050915,"P",1225000,39.5,41.5,1600,16145,24492212,1,0,"SZP","OE","SPX",1,"CBOE S&P 500 INDEX","I","E",1
"546074",108105,20050915,"SZP.OJ",0,20060318,20050915,"P",1250000,49.7,51.7,72,6223,24490580,1,0,"SZP","OJ","SPX",1,"CBOE S&P 500 INDEX","I","E",1
"546075",108105,20050915,"SZP.OO",0,20060318,20050914,"P",1275000,62.1,64.1,0,68,24492213,1,0,"SZP","OO","SPX",1,"CBOE S&P 500 INDEX","I","E",1
"546076",108105,20050915,"SZP.OT",0,20060318,20050915,"P",1200000,32,33.3,6,20674,24490576,1,0,"SZP","OT","SPX",1,"CBOE S&P 500 INDEX","I","E",1
"546077",108105,20050915,"SZP.RE",0,20060617,20050912,"P",1225000,49,51,0,8738,23292919,1,0,"SZP","RE","SPX",1,"CBOE S&P 500 INDEX","I","E",1
"546078",108105,20050915,"SZP.RJ",0,20060617,20050915,"P",1250000,58.6,60.6,300,2188,21576394,1,0,"SZP","RJ","SPX",1,"CBOE S&P 500 INDEX","I","E",1
"546079",108105,20050915,"SZP.RO",0,20060617,20050907,"P",1275000,69.9,71.9,0,3,23957574,1,0,"SZP","RO","SPX",1,"CBOE S&P 500 INDEX","I","E",1
"546080",108105,20050915,"SZP.RT",0,20060617,20050915,"P",1200000,40.9,42.9,3952,42475,21576392,1,0,"SZP","RT","SPX",1,"CBOE S&P 500 INDEX","I","E",1
"546081",108105,20050915,"SZP.UA",0,20050917,20050915,"P",1205000,0.25,0.3,1040,33008,26315429,1,0,"SZP","UA","SPX",1,"CBOE S&P 500 INDEX","I","E",1
"546082",108105,20050915,"SZP.UB",0,20050917,20050915,"P",1210000,0.3,0.4,6007,41318,26314542,1,0,"SZP","UB","SPX",1,"CBOE S&P 500 INDEX","I","E",1
"546083",108105,20050915,"SZP.UC",0,20050917,20050915,"P",1215000,0.3,0.45,14335,23370,26467807,1,0,"SZP","UC","SPX",1,"CBOE S&P 500 INDEX","I","E",1
"546084",108105,20050915,"SZP.UD",0,20050917,20050915,"P",1220000,0.65,0.75,16323,40119,26635400,1,0,"SZP","UD","SPX",1,"CBOE S&P 500 INDEX","I","E",1
"546085",108105,20050915,"SZP.UE",0,20050917,20050915,"P",1225000,1.1,1.9,14757,109260,22450629,1,0,"SZP","UE","SPX",1,"CBOE S&P 500 INDEX","I","E",1
"546086",108105,20050915,"SZP.UF",0,20050917,20050915,"P",1230000,2.8,4.2,3888,31358,27091634,1,0,"SZP","UF","SPX",1,"CBOE S&P 500 INDEX","I","E",1
"546087",108105,20050915,"SZP.UG",0,20050917,20050915,"P",1235000,6.7,8.3,1546,29977,27091638,1,0,"SZP","UG","SPX",1,"CBOE S&P 500 INDEX","I","E",1
"546088",108105,20050915,"SZP.UH",0,20050917,20050915,"P",1240000,11.4,13.2,1662,17550,27091641,1,0,"SZP","UH","SPX",1,"CBOE S&P 500 INDEX","I","E",1
"546089",108105,20050915,"SZP.UI",0,20050917,20050915,"P",1245000,16.4,18,62,11341,27091631,1,0,"SZP","UI","SPX",1,"CBOE S&P 500 INDEX","I","E",1
"546090",108105,20050915,"SZP.UJ",0,20050917,20050915,"P",1250000,21.3,22.7,22053,36277,22450627,1,0,"SZP","UJ","SPX",1,"CBOE S&P 500 INDEX","I","E",1
"546091",108105,20050915,"SZP.UK",0,20050917,20050915,"P",1255000,26.3,28.3,3,1047,27091636,1,0,"SZP","UK","SPX",1,"CBOE S&P 500 INDEX","I","E",1
"546092",108105,20050915,"SZP.UL",0,20050917,20050915,"P",1260000,31.3,33.3,1,1374,26315426,1,0,"SZP","UL","SPX",1,"CBOE S&P 500 INDEX","I","E",1
"546093",108105,20050915,"SZP.UM",0,20050917,20050913,"P",1265000,36.3,38.3,0,239,27091639,1,0,"SZP","UM","SPX",1,"CBOE S&P 500 INDEX","I","E",1
"546094",108105,20050915,"SZP.UN",0,20050917,20050912,"P",1270000,41.3,43.3,0,520,27091632,1,0,"SZP","UN","SPX",1,"CBOE S&P 500 INDEX","I","E",1
"546095",108105,20050915,"SZP.UO",0,20050917,20050909,"P",1275000,46.3,48.3,0,371,23386742,1,0,"SZP","UO","SPX",1,"CBOE S&P 500 INDEX","I","E",1
"546096",108105,20050915,"SZP.UP",0,20050917,20050914,"P",1280000,51.3,53.3,0,36,27412923,1,0,"SZP","UP","SPX",1,"CBOE S&P 500 INDEX","I","E",1
"546097",108105,20050915,"SZP.UQ",0,20050917,NA,"P",1285000,56.3,58.3,0,0,27934847,1,0,"SZP","UQ","SPX",1,"CBOE S&P 500 INDEX","I","E",1
"546098",108105,20050915,"SZP.UR",0,20050917,NA,"P",1290000,61.3,63.3,0,0,27934850,1,0,"SZP","UR","SPX",1,"CBOE S&P 500 INDEX","I","E",1
"546099",108105,20050915,"SZP.US",0,20050917,20050811,"P",1295000,66.3,68.3,0,2,27934848,1,0,"SZP","US","SPX",1,"CBOE S&P 500 INDEX","I","E",1
"546100",108105,20050915,"SZP.UT",0,20050917,20050915,"P",1200000,0.15,0.25,6490,115248,22450626,1,0,"SZP","UT","SPX",1,"CBOE S&P 500 INDEX","I","E",1
"546101",108105,20050915,"SZP.VA",0,20051022,20050915,"P",1205000,8.8,9.8,1824,13017,27564595,1,0,"SZP","VA","SPX",1,"CBOE S&P 500 INDEX","I","E",1
"546102",108105,20050915,"SZP.VB",0,20051022,20050915,"P",1210000,9.9,10.9,1131,18405,27563261,1,0,"SZP","VB","SPX",1,"CBOE S&P 500 INDEX","I","E",1
"546103",108105,20050915,"SZP.VC",0,20051022,20050915,"P",1215000,11.2,12.6,1298,10707,27564596,1,0,"SZP","VC","SPX",1,"CBOE S&P 500 INDEX","I","E",1
"546104",108105,20050915,"SZP.VD",0,20051022,20050915,"P",1220000,12.5,14,3204,18806,28304803,1,0,"SZP","VD","SPX",1,"CBOE S&P 500 INDEX","I","E",1
"546105",108105,20050915,"SZP.VE",0,20051022,20050915,"P",1225000,14.6,15,5785,27021,27243439,1,0,"SZP","VE","SPX",1,"CBOE S&P 500 INDEX","I","E",1
"546106",108105,20050915,"SZP.VF",0,20051022,20050915,"P",1230000,16.1,17.7,1578,6636,27564594,1,0,"SZP","VF","SPX",1,"CBOE S&P 500 INDEX","I","E",1
"546107",108105,20050915,"SZP.VG",0,20051022,20050915,"P",1235000,18.3,19.3,453,3935,28700075,1,0,"SZP","VG","SPX",1,"CBOE S&P 500 INDEX","I","E",1
"546108",108105,20050915,"SZP.VH",0,20051022,20050915,"P",1240000,20.5,22.5,98,4034,28304024,1,0,"SZP","VH","SPX",1,"CBOE S&P 500 INDEX","I","E",1
"546109",108105,20050915,"SZP.VI",0,20051022,20050915,"P",1245000,23.3,25.3,158,1257,27567225,1,0,"SZP","VI","SPX",1,"CBOE S&P 500 INDEX","I","E",1
"546110",108105,20050915,"SZP.VJ",0,20051022,20050915,"P",1250000,26.3,28.3,18732,25916,27243442,1,0,"SZP","VJ","SPX",1,"CBOE S&P 500 INDEX","I","E",1
"546111",108105,20050915,"SZP.VK",0,20051022,20050915,"P",1255000,29.5,31.5,2,441,27567218,1,0,"SZP","VK","SPX",1,"CBOE S&P 500 INDEX","I","E",1
"546112",108105,20050915,"SZP.VL",0,20051022,20050913,"P",1260000,33.1,35.1,0,57,27567224,1,0,"SZP","VL","SPX",1,"CBOE S&P 500 INDEX","I","E",1
"546113",108105,20050915,"SZP.VM",0,20051022,20050914,"P",1265000,36.9,38.9,0,307,27567219,1,0,"SZP","VM","SPX",1,"CBOE S&P 500 INDEX","I","E",1
"546114",108105,20050915,"SZP.VN",0,20051022,20050915,"P",1270000,40.9,42.9,5,256,27567221,1,0,"SZP","VN","SPX",1,"CBOE S&P 500 INDEX","I","E",1
"546115",108105,20050915,"SZP.VO",0,20051022,20050915,"P",1275000,45.2,47.2,705,693,27243443,1,0,"SZP","VO","SPX",1,"CBOE S&P 500 INDEX","I","E",1
"546116",108105,20050915,"SZP.VP",0,20051022,20050914,"P",1280000,49.6,51.6,0,262,27412926,1,0,"SZP","VP","SPX",1,"CBOE S&P 500 INDEX","I","E",1
"546117",108105,20050915,"SZP.VQ",0,20051022,20050902,"P",1285000,54.2,56.2,0,10,27412922,1,0,"SZP","VQ","SPX",1,"CBOE S&P 500 INDEX","I","E",1
"546118",108105,20050915,"SZP.VR",0,20051022,20050914,"P",1290000,58.8,60.8,0,7,28700074,1,0,"SZP","VR","SPX",1,"CBOE S&P 500 INDEX","I","E",1
"546119",108105,20050915,"SZP.VS",0,20051022,NA,"P",1295000,63.6,65.6,0,0,29437924,1,0,"SZP","VS","SPX",1,"CBOE S&P 500 INDEX","I","E",1
"546120",108105,20050915,"SZP.VT",0,20051022,20050915,"P",1200000,7.7,8.4,5030,46391,27243446,1,0,"SZP","VT","SPX",1,"CBOE S&P 500 INDEX","I","E",1
"546121",108105,20050915,"SZP.WA",0,20051119,NA,"P",1205000,15,16.6,0,0,29805798,1,0,"SZP","WA","SPX",1,"CBOE S&P 500 INDEX","I","E",1
"546122",108105,20050915,"SZP.WB",0,20051119,20050915,"P",1210000,16.4,18,5,0,29805799,1,0,"SZP","WB","SPX",1,"CBOE S&P 500 INDEX","I","E",1
"546123",108105,20050915,"SZP.WC",0,20051119,NA,"P",1215000,17.9,19.5,0,0,29805796,1,0,"SZP","WC","SPX",1,"CBOE S&P 500 INDEX","I","E",1
"546124",108105,20050915,"SZP.WD",0,20051119,20050915,"P",1220000,19.5,21.1,404,8705,28699291,1,0,"SZP","WD","SPX",1,"CBOE S&P 500 INDEX","I","E",1
"546125",108105,20050915,"SZP.WE",0,20051119,20050914,"P",1225000,21.1,23.1,0,3510,28695454,1,0,"SZP","WE","SPX",1,"CBOE S&P 500 INDEX","I","E",1
"546126",108105,20050915,"SZP.WF",0,20051119,20050915,"P",1230000,23,25,10,598,29068957,1,0,"SZP","WF","SPX",1,"CBOE S&P 500 INDEX","I","E",1
"546127",108105,20050915,"SZP.WG",0,20051119,20050914,"P",1235000,25.1,27.1,0,321,29068964,1,0,"SZP","WG","SPX",1,"CBOE S&P 500 INDEX","I","E",1
"546128",108105,20050915,"SZP.WH",0,20051119,20050915,"P",1240000,27.4,29.4,5,38,29068963,1,0,"SZP","WH","SPX",1,"CBOE S&P 500 INDEX","I","E",1
"546129",108105,20050915,"SZP.WI",0,20051119,20050914,"P",1245000,29.8,31.8,0,854,29068960,1,0,"SZP","WI","SPX",1,"CBOE S&P 500 INDEX","I","E",1
"546130",108105,20050915,"SZP.WJ",0,20051119,20050914,"P",1250000,32.5,34.5,0,2668,28695453,1,0,"SZP","WJ","SPX",1,"CBOE S&P 500 INDEX","I","E",1
"546131",108105,20050915,"SZP.WK",0,20051119,NA,"P",1255000,35.3,37.3,0,0,29438548,1,0,"SZP","WK","SPX",1,"CBOE S&P 500 INDEX","I","E",1
"546132",108105,20050915,"SZP.WO",0,20051119,20050913,"P",1275000,48.6,50.6,0,43,28695450,1,0,"SZP","WO","SPX",1,"CBOE S&P 500 INDEX","I","E",1
"546133",108105,20050915,"SZP.WT",0,20051119,20050915,"P",1200000,13.8,15.4,639,14358,28695455,1,0,"SZP","WT","SPX",1,"CBOE S&P 500 INDEX","I","E",1
"546134",108105,20050915,"SZP.XE",0,20051217,20050915,"P",1225000,26.6,28.6,502,50907,22428821,1,0,"SZP","XE","SPX",1,"CBOE S&P 500 INDEX","I","E",1
"546135",108105,20050915,"SZP.XF",0,20051217,20050915,"P",1230000,28.5,30.5,1058,70,29438232,1,0,"SZP","XF","SPX",1,"CBOE S&P 500 INDEX","I","E",1
"546136",108105,20050915,"SZP.XG",0,20051217,20050915,"P",1235000,30.5,32.5,8985,3404,29438236,1,0,"SZP","XG","SPX",1,"CBOE S&P 500 INDEX","I","E",1
"546137",108105,20050915,"SZP.XH",0,20051217,20050915,"P",1240000,32.7,34.7,294,13642,29438231,1,0,"SZP","XH","SPX",1,"CBOE S&P 500 INDEX","I","E",1
"546138",108105,20050915,"SZP.XI",0,20051217,20050913,"P",1245000,35,37,0,4439,29438237,1,0,"SZP","XI","SPX",1,"CBOE S&P 500 INDEX","I","E",1
"546139",108105,20050915,"SZP.XJ",0,20051217,20050915,"P",1250000,37.4,39.4,13532,19946,21271721,1,0,"SZP","XJ","SPX",1,"CBOE S&P 500 INDEX","I","E",1
"546140",108105,20050915,"SZP.XK",0,20051217,20050810,"P",1255000,40,42,0,4,27567223,1,0,"SZP","XK","SPX",1,"CBOE S&P 500 INDEX","I","E",1
"546141",108105,20050915,"SZP.XN",0,20051217,20050913,"P",1270000,48.8,50.8,0,3,29067410,1,0,"SZP","XN","SPX",1,"CBOE S&P 500 INDEX","I","E",1
"546142",108105,20050915,"SZP.XO",0,20051217,20050914,"P",1275000,52,54,0,2320,23652384,1,0,"SZP","XO","SPX",1,"CBOE S&P 500 INDEX","I","E",1
"546143",108105,20050915,"SZP.XT",0,20051217,20050915,"P",1200000,19,20.5,1281,106063,21271720,1,0,"SZP","XT","SPX",1,"CBOE S&P 500 INDEX","I","E",1
